priorytet;rodzina;model_podpis;liczba_rekordow;status;kandydaci_id_model;proponowany_id_model;brakujace_pola_modelu;co_moge_wykonac_sam;czego_brakuje_od_ciebie;decyzja_uzytkownika;uwagi_uzytkownika
WYSOKI;RICOH;MPC 2500;256;jednoznaczny_niepelny;383(3/4);383;RODZAJ;Moge hurtowo ustawic MASZYNA.ID_MODEL=383 oraz uzupelnic brakujace pola w MODEL po zatwierdzeniu wartosci.;Potrzebuje od Ciebie brakujacych pol dla MODEL 383: RODZAJ;;
WYSOKI;RICOH;MPC 307;222;decyzja_duplikat;545(4/4) | 571(4/4) | 392(3/4) | 602(3/4);;;Moge hurtowo ustawic ID_MODEL po wskazaniu kanonicznego rekordu z listy kandydatow.;Potrzebuje od Ciebie wyboru jednego kanonicznego ID_MODEL dla tej sygnatury.;;
WYSOKI;RICOH;MPC 3003;196;decyzja_duplikat;628(4/4) | 30002488(4/4) | 389(3/4) | 560(3/4);;;Moge hurtowo ustawic ID_MODEL po wskazaniu kanonicznego rekordu z listy kandydatow.;Potrzebuje od Ciebie wyboru jednego kanonicznego ID_MODEL dla tej sygnatury.;;
WYSOKI;RICOH;MPC 2003;180;decyzja_duplikat;378(4/4) | 622(4/4) | 30002487(4/4);;;Moge hurtowo ustawic ID_MODEL po wskazaniu kanonicznego rekordu z listy kandydatow.;Potrzebuje od Ciebie wyboru jednego kanonicznego ID_MODEL dla tej sygnatury.;;
WYSOKI;RICOH;MP 161;145;jednoznaczny_niepelny;338(3/4);338;RODZAJ;Moge hurtowo ustawic MASZYNA.ID_MODEL=338 oraz uzupelnic brakujace pola w MODEL po zatwierdzeniu wartosci.;Potrzebuje od Ciebie brakujacych pol dla MODEL 338: RODZAJ;;
WYSOKI;RICOH;IMC 3000;133;decyzja_duplikat;539(4/4) | 30002504(4/4) | 30002508(4/4);;;Moge hurtowo ustawic ID_MODEL po wskazaniu kanonicznego rekordu z listy kandydatow.;Potrzebuje od Ciebie wyboru jednego kanonicznego ID_MODEL dla tej sygnatury.;;
WYSOKI;RICOH;MP 171;121;decyzja_duplikat;339(3/4) | 610(3/4);;RODZAJ;Moge hurtowo ustawic ID_MODEL po wskazaniu kanonicznego rekordu z listy kandydatow.;Potrzebuje od Ciebie wyboru jednego kanonicznego ID_MODEL dla tej sygnatury.;;
WYSOKI;RICOH;MPC 306;120;decyzja_duplikat;489(4/4) | 572(4/4);;;Moge hurtowo ustawic ID_MODEL po wskazaniu kanonicznego rekordu z listy kandydatow.;Potrzebuje od Ciebie wyboru jednego kanonicznego ID_MODEL dla tej sygnatury.;;
WYSOKI;RICOH;MPC 3004;119;decyzja_duplikat;390(4/4) | 543(4/4) | 600(4/4);;;Moge hurtowo ustawic ID_MODEL po wskazaniu kanonicznego rekordu z listy kandydatow.;Potrzebuje od Ciebie wyboru jednego kanonicznego ID_MODEL dla tej sygnatury.;;
WYSOKI;RICOH;MPC 3001;117;jednoznaczny_niepelny;388(3/4);388;RODZAJ;Moge hurtowo ustawic MASZYNA.ID_MODEL=388 oraz uzupelnic brakujace pola w MODEL po zatwierdzeniu wartosci.;Potrzebuje od Ciebie brakujacych pol dla MODEL 388: RODZAJ;;
WYSOKI;RICOH;MPC 2011;114;decyzja_duplikat;380(3/4) | 624(3/4);;RODZAJ;Moge hurtowo ustawic ID_MODEL po wskazaniu kanonicznego rekordu z listy kandydatow.;Potrzebuje od Ciebie wyboru jednego kanonicznego ID_MODEL dla tej sygnatury.;;
WYSOKI;RICOH;MP 2000;113;jednoznaczny_niepelny;340(3/4);340;RODZAJ;Moge hurtowo ustawic MASZYNA.ID_MODEL=340 oraz uzupelnic brakujace pola w MODEL po zatwierdzeniu wartosci.;Potrzebuje od Ciebie brakujacych pol dla MODEL 340: RODZAJ;;
WYSOKI;RICOH;DSM 415;108;decyzja_duplikat;318(4/4) | 139(3/4);;;Moge hurtowo ustawic ID_MODEL po wskazaniu kanonicznego rekordu z listy kandydatow.;Potrzebuje od Ciebie wyboru jednego kanonicznego ID_MODEL dla tej sygnatury.;;
WYSOKI;RICOH;MP 201;103;decyzja_duplikat;342(3/4) | 612(3/4);;RODZAJ;Moge hurtowo ustawic ID_MODEL po wskazaniu kanonicznego rekordu z listy kandydatow.;Potrzebuje od Ciebie wyboru jednego kanonicznego ID_MODEL dla tej sygnatury.;;
SREDNI;RICOH;IM 350;94;decyzja_duplikat;458(3/4) | 576(3/4);;RODZAJ;Moge hurtowo ustawic ID_MODEL po wskazaniu kanonicznego rekordu z listy kandydatow.;Potrzebuje od Ciebie wyboru jednego kanonicznego ID_MODEL dla tej sygnatury.;;
SREDNI;RICOH;IMC 300;79;decyzja_duplikat;30002496(3/4) | 30002503(3/4);;RODZAJ;Moge hurtowo ustawic ID_MODEL po wskazaniu kanonicznego rekordu z listy kandydatow.;Potrzebuje od Ciebie wyboru jednego kanonicznego ID_MODEL dla tej sygnatury.;;
SREDNI;RICOH;DSM 622;74;decyzja_duplikat;325(4/4) | 334(2/4) | 559(2/4);;;Moge hurtowo ustawic ID_MODEL po wskazaniu kanonicznego rekordu z listy kandydatow.;Potrzebuje od Ciebie wyboru jednego kanonicznego ID_MODEL dla tej sygnatury.;;
SREDNI;RICOH;MP 2510;69;jednoznaczny_niepelny;349(3/4);349;PLIK;Moge hurtowo ustawic MASZYNA.ID_MODEL=349 oraz uzupelnic brakujace pola w MODEL po zatwierdzeniu wartosci.;Potrzebuje od Ciebie brakujacych pol dla MODEL 349: PLIK;;
SREDNI;RICOH;MP 305+;67;decyzja_duplikat;374(4/4) | 592(4/4) | 473(3/4);;;Moge hurtowo ustawic ID_MODEL po wskazaniu kanonicznego rekordu z listy kandydatow.;Potrzebuje od Ciebie wyboru jednego kanonicznego ID_MODEL dla tej sygnatury.;;
SREDNI;RICOH;MP 2550;63;jednoznaczny_niepelny;350(3/4);350;RODZAJ;Moge hurtowo ustawic MASZYNA.ID_MODEL=350 oraz uzupelnic brakujace pola w MODEL po zatwierdzeniu wartosci.;Potrzebuje od Ciebie brakujacych pol dla MODEL 350: RODZAJ;;
SREDNI;RICOH;MPC 2800;51;decyzja_duplikat;386(3/4) | 627(3/4);;RODZAJ;Moge hurtowo ustawic ID_MODEL po wskazaniu kanonicznego rekordu z listy kandydatow.;Potrzebuje od Ciebie wyboru jednego kanonicznego ID_MODEL dla tej sygnatury.;;
SREDNI;RICOH;MPC 4503;50;decyzja_duplikat;631(4/4) | 400(3/4) | 604(3/4);;;Moge hurtowo ustawic ID_MODEL po wskazaniu kanonicznego rekordu z listy kandydatow.;Potrzebuje od Ciebie wyboru jednego kanonicznego ID_MODEL dla tej sygnatury.;;
SREDNI;RICOH;IMC 4500;47;decyzja_duplikat;538(4/4) | 30002491(4/4);;;Moge hurtowo ustawic ID_MODEL po wskazaniu kanonicznego rekordu z listy kandydatow.;Potrzebuje od Ciebie wyboru jednego kanonicznego ID_MODEL dla tej sygnatury.;;
SREDNI;RICOH;MP 2554;47;decyzja_duplikat;352(4/4) | 590(4/4) | 616(4/4);;;Moge hurtowo ustawic ID_MODEL po wskazaniu kanonicznego rekordu z listy kandydatow.;Potrzebuje od Ciebie wyboru jednego kanonicznego ID_MODEL dla tej sygnatury.;;
SREDNI;RICOH;MPC 2503;46;decyzja_duplikat;384(3/4) | 626(3/4);;RODZAJ;Moge hurtowo ustawic ID_MODEL po wskazaniu kanonicznego rekordu z listy kandydatow.;Potrzebuje od Ciebie wyboru jednego kanonicznego ID_MODEL dla tej sygnatury.;;
SREDNI;EPSON;WF-6590;43;jednoznaczny_niepelny;90(3/4);90;PLIK;Moge hurtowo ustawic MASZYNA.ID_MODEL=90 oraz uzupelnic brakujace pola w MODEL po zatwierdzeniu wartosci.;Potrzebuje od Ciebie brakujacych pol dla MODEL 90: PLIK;;
SREDNI;KONICA MINOLTA;C 25;39;decyzja_duplikat;251(3/4) | 550(2/4);;RODZAJ;Moge hurtowo ustawic ID_MODEL po wskazaniu kanonicznego rekordu z listy kandydatow.;Potrzebuje od Ciebie wyboru jednego kanonicznego ID_MODEL dla tej sygnatury.;;
SREDNI;RICOH;MP 2501;38;decyzja_duplikat;588(4/4) | 614(3/4) | 348(2/4);;;Moge hurtowo ustawic ID_MODEL po wskazaniu kanonicznego rekordu z listy kandydatow.;Potrzebuje od Ciebie wyboru jednego kanonicznego ID_MODEL dla tej sygnatury.;;
SREDNI;RICOH;MP 3055;38;decyzja_duplikat;356(4/4) | 544(4/4) | 30002499(2/4);;;Moge hurtowo ustawic ID_MODEL po wskazaniu kanonicznego rekordu z listy kandydatow.;Potrzebuje od Ciebie wyboru jednego kanonicznego ID_MODEL dla tej sygnatury.;;
SREDNI;RICOH;MPC 3004ex;37;decyzja_duplikat;601(4/4) | 629(4/4) | 391(3/4);;;Moge hurtowo ustawic ID_MODEL po wskazaniu kanonicznego rekordu z listy kandydatow.;Potrzebuje od Ciebie wyboru jednego kanonicznego ID_MODEL dla tej sygnatury.;;
SREDNI;EPSON;WF-C869R;34;jednoznaczny_niepelny;96(3/4);96;PLIK;Moge hurtowo ustawic MASZYNA.ID_MODEL=96 oraz uzupelnic brakujace pola w MODEL po zatwierdzeniu wartosci.;Potrzebuje od Ciebie brakujacych pol dla MODEL 96: PLIK;;
SREDNI;RICOH;2205;34;jednoznaczny_niepelny;304(3/4);304;PLIK;Moge hurtowo ustawic MASZYNA.ID_MODEL=304 oraz uzupelnic brakujace pola w MODEL po zatwierdzeniu wartosci.;Potrzebuje od Ciebie brakujacych pol dla MODEL 304: PLIK;;
SREDNI;RICOH;P 501;33;jednoznaczny_niepelny;547(3/4);547;PLIK;Moge hurtowo ustawic MASZYNA.ID_MODEL=547 oraz uzupelnic brakujace pola w MODEL po zatwierdzeniu wartosci.;Potrzebuje od Ciebie brakujacych pol dla MODEL 547: PLIK;;
SREDNI;RICOH;MPC 3002;30;decyzja_duplikat;488(3/4) | 605(3/4);;RODZAJ;Moge hurtowo ustawic ID_MODEL po wskazaniu kanonicznego rekordu z listy kandydatow.;Potrzebuje od Ciebie wyboru jednego kanonicznego ID_MODEL dla tej sygnatury.;;
NISKI;RICOH;MPC 2050;27;decyzja_duplikat;381(4/4) | 625(4/4);;;Moge hurtowo ustawic ID_MODEL po wskazaniu kanonicznego rekordu z listy kandydatow.;Potrzebuje od Ciebie wyboru jednego kanonicznego ID_MODEL dla tej sygnatury.;;
NISKI;RICOH;IMC 3500;26;decyzja_duplikat;582(4/4) | 30002507(4/4);;;Moge hurtowo ustawic ID_MODEL po wskazaniu kanonicznego rekordu z listy kandydatow.;Potrzebuje od Ciebie wyboru jednego kanonicznego ID_MODEL dla tej sygnatury.;;
NISKI;RICOH;MPC 3000;26;jednoznaczny_niepelny;387(3/4);387;RODZAJ;Moge hurtowo ustawic MASZYNA.ID_MODEL=387 oraz uzupelnic brakujace pola w MODEL po zatwierdzeniu wartosci.;Potrzebuje od Ciebie brakujacych pol dla MODEL 387: RODZAJ;;
NISKI;RICOH;MP 3350;25;decyzja_duplikat;357(4/4) | 619(4/4);;;Moge hurtowo ustawic ID_MODEL po wskazaniu kanonicznego rekordu z listy kandydatow.;Potrzebuje od Ciebie wyboru jednego kanonicznego ID_MODEL dla tej sygnatury.;;
NISKI;RICOH;MPC 2004;25;decyzja_duplikat;598(4/4) | 379(3/4) | 623(3/4);;;Moge hurtowo ustawic ID_MODEL po wskazaniu kanonicznego rekordu z listy kandydatow.;Potrzebuje od Ciebie wyboru jednego kanonicznego ID_MODEL dla tej sygnatury.;;
NISKI;RICOH;IM 430;24;decyzja_duplikat;460(4/4) | 578(4/4);;;Moge hurtowo ustawic ID_MODEL po wskazaniu kanonicznego rekordu z listy kandydatow.;Potrzebuje od Ciebie wyboru jednego kanonicznego ID_MODEL dla tej sygnatury.;;
NISKI;RICOH;IMC 400;24;decyzja_duplikat;465(3/4) | 30002502(3/4);;RODZAJ;Moge hurtowo ustawic ID_MODEL po wskazaniu kanonicznego rekordu z listy kandydatow.;Potrzebuje od Ciebie wyboru jednego kanonicznego ID_MODEL dla tej sygnatury.;;
NISKI;RICOH;DSC 332;23;jednoznaczny_niepelny;315(3/4);315;PLIK;Moge hurtowo ustawic MASZYNA.ID_MODEL=315 oraz uzupelnic brakujace pola w MODEL po zatwierdzeniu wartosci.;Potrzebuje od Ciebie brakujacych pol dla MODEL 315: PLIK;;
NISKI;RICOH;MPC 3503;23;decyzja_duplikat;396(3/4) | 603(3/4) | 630(3/4);;RODZAJ;Moge hurtowo ustawic ID_MODEL po wskazaniu kanonicznego rekordu z listy kandydatow.;Potrzebuje od Ciebie wyboru jednego kanonicznego ID_MODEL dla tej sygnatury.;;
NISKI;RICOH;MPC 3501;22;decyzja_duplikat;490(3/4) | 30002494(3/4);;RODZAJ;Moge hurtowo ustawic ID_MODEL po wskazaniu kanonicznego rekordu z listy kandydatow.;Potrzebuje od Ciebie wyboru jednego kanonicznego ID_MODEL dla tej sygnatury.;;
NISKI;EPSON;WF-8590DWF;21;jednoznaczny_niepelny;91(3/4);91;PLIK;Moge hurtowo ustawic MASZYNA.ID_MODEL=91 oraz uzupelnic brakujace pola w MODEL po zatwierdzeniu wartosci.;Potrzebuje od Ciebie brakujacych pol dla MODEL 91: PLIK;;
NISKI;KYOCERA;ECOSYS 3055;20;jednoznaczny_niepelny;274(3/4);274;KOLOR;Moge hurtowo ustawic MASZYNA.ID_MODEL=274 oraz uzupelnic brakujace pola w MODEL po zatwierdzeniu wartosci.;Potrzebuje od Ciebie brakujacych pol dla MODEL 274: KOLOR;;
NISKI;RICOH;DSM 627;19;jednoznaczny_niepelny;326(3/4);326;PLIK;Moge hurtowo ustawic MASZYNA.ID_MODEL=326 oraz uzupelnic brakujace pola w MODEL po zatwierdzeniu wartosci.;Potrzebuje od Ciebie brakujacych pol dla MODEL 326: PLIK;;
NISKI;RICOH;6005;18;jednoznaczny_niepelny;310(3/4);310;PLIK;Moge hurtowo ustawic MASZYNA.ID_MODEL=310 oraz uzupelnic brakujace pola w MODEL po zatwierdzeniu wartosci.;Potrzebuje od Ciebie brakujacych pol dla MODEL 310: PLIK;;
NISKI;RICOH;MP 2001;18;decyzja_duplikat;341(3/4) | 611(3/4);;PLIK;Moge hurtowo ustawic ID_MODEL po wskazaniu kanonicznego rekordu z listy kandydatow.;Potrzebuje od Ciebie wyboru jednego kanonicznego ID_MODEL dla tej sygnatury.;;
NISKI;RICOH;DSM 620D;16;decyzja_duplikat;324(4/4) | 140(3/4);;;Moge hurtowo ustawic ID_MODEL po wskazaniu kanonicznego rekordu z listy kandydatow.;Potrzebuje od Ciebie wyboru jednego kanonicznego ID_MODEL dla tej sygnatury.;;
NISKI;RICOH;MP 2553;16;decyzja_duplikat;351(4/4) | 589(4/4) | 615(4/4);;;Moge hurtowo ustawic ID_MODEL po wskazaniu kanonicznego rekordu z listy kandydatow.;Potrzebuje od Ciebie wyboru jednego kanonicznego ID_MODEL dla tej sygnatury.;;
NISKI;RICOH;MP 2555;16;decyzja_duplikat;353(4/4) | 541(4/4) | 591(4/4) | 617(4/4) | 30002509(3/4);;;Moge hurtowo ustawic ID_MODEL po wskazaniu kanonicznego rekordu z listy kandydatow.;Potrzebuje od Ciebie wyboru jednego kanonicznego ID_MODEL dla tej sygnatury.;;
NISKI;RICOH;1305;15;jednoznaczny_niepelny;300(3/4);300;PLIK;Moge hurtowo ustawic MASZYNA.ID_MODEL=300 oraz uzupelnic brakujace pola w MODEL po zatwierdzeniu wartosci.;Potrzebuje od Ciebie brakujacych pol dla MODEL 300: PLIK;;
NISKI;RICOH;MP 3010;15;decyzja_duplikat;355(3/4) | 618(3/4);;RODZAJ;Moge hurtowo ustawic ID_MODEL po wskazaniu kanonicznego rekordu z listy kandydatow.;Potrzebuje od Ciebie wyboru jednego kanonicznego ID_MODEL dla tej sygnatury.;;
NISKI;KYOCERA;P 3145;14;decyzja_duplikat;271(4/4) | 561(4/4);;;Moge hurtowo ustawic ID_MODEL po wskazaniu kanonicznego rekordu z listy kandydatow.;Potrzebuje od Ciebie wyboru jednego kanonicznego ID_MODEL dla tej sygnatury.;;
NISKI;RICOH;MP 3554;14;decyzja_duplikat;593(4/4) | 476(3/4);;;Moge hurtowo ustawic ID_MODEL po wskazaniu kanonicznego rekordu z listy kandydatow.;Potrzebuje od Ciebie wyboru jednego kanonicznego ID_MODEL dla tej sygnatury.;;
NISKI;RICOH;P 502;14;jednoznaczny_niepelny;537(3/4);537;PLIK;Moge hurtowo ustawic MASZYNA.ID_MODEL=537 oraz uzupelnic brakujace pola w MODEL po zatwierdzeniu wartosci.;Potrzebuje od Ciebie brakujacych pol dla MODEL 537: PLIK;;
NISKI;CANON;IR 2520;13;jednoznaczny_niepelny;33(3/4);33;PLIK;Moge hurtowo ustawic MASZYNA.ID_MODEL=33 oraz uzupelnic brakujace pola w MODEL po zatwierdzeniu wartosci.;Potrzebuje od Ciebie brakujacych pol dla MODEL 33: PLIK;;
NISKI;RICOH;DSM 725;13;decyzja_duplikat;141(3/4) | 331(3/4);;PLIK;Moge hurtowo ustawic ID_MODEL po wskazaniu kanonicznego rekordu z listy kandydatow.;Potrzebuje od Ciebie wyboru jednego kanonicznego ID_MODEL dla tej sygnatury.;;
NISKI;RICOH;DSM 632;12;jednoznaczny_niepelny;327(3/4);327;PLIK;Moge hurtowo ustawic MASZYNA.ID_MODEL=327 oraz uzupelnic brakujace pola w MODEL po zatwierdzeniu wartosci.;Potrzebuje od Ciebie brakujacych pol dla MODEL 327: PLIK;;
NISKI;RICOH;IMC 6000;12;decyzja_duplikat;469(4/4) | 30002505(3/4);;;Moge hurtowo ustawic ID_MODEL po wskazaniu kanonicznego rekordu z listy kandydatow.;Potrzebuje od Ciebie wyboru jednego kanonicznego ID_MODEL dla tej sygnatury.;;
NISKI;RICOH;MP 3352;12;decyzja_duplikat;359(4/4) | 620(4/4);;;Moge hurtowo ustawic ID_MODEL po wskazaniu kanonicznego rekordu z listy kandydatow.;Potrzebuje od Ciebie wyboru jednego kanonicznego ID_MODEL dla tej sygnatury.;;
NISKI;RICOH;MP 6001;12;jednoznaczny_niepelny;366(3/4);366;PLIK;Moge hurtowo ustawic MASZYNA.ID_MODEL=366 oraz uzupelnic brakujace pola w MODEL po zatwierdzeniu wartosci.;Potrzebuje od Ciebie brakujacych pol dla MODEL 366: PLIK;;
NISKI;RICOH;MP 4054;11;decyzja_duplikat;621(4/4) | 362(3/4);;;Moge hurtowo ustawic ID_MODEL po wskazaniu kanonicznego rekordu z listy kandydatow.;Potrzebuje od Ciebie wyboru jednego kanonicznego ID_MODEL dla tej sygnatury.;;
NISKI;CANON;3525I;10;jednoznaczny_niepelny;13(3/4);13;PLIK;Moge hurtowo ustawic MASZYNA.ID_MODEL=13 oraz uzupelnic brakujace pola w MODEL po zatwierdzeniu wartosci.;Potrzebuje od Ciebie brakujacych pol dla MODEL 13: PLIK;;
NISKI;RICOH;MP 4055;10;decyzja_duplikat;482(4/4) | 594(4/4);;;Moge hurtowo ustawic ID_MODEL po wskazaniu kanonicznego rekordu z listy kandydatow.;Potrzebuje od Ciebie wyboru jednego kanonicznego ID_MODEL dla tej sygnatury.;;
NISKI;RICOH;MPC 4502;10;decyzja_duplikat;573(4/4) | 497(2/4);;;Moge hurtowo ustawic ID_MODEL po wskazaniu kanonicznego rekordu z listy kandydatow.;Potrzebuje od Ciebie wyboru jednego kanonicznego ID_MODEL dla tej sygnatury.;;
NISKI;RICOH;MPC 6004;10;jednoznaczny_niepelny;535(3/4);535;PLIK;Moge hurtowo ustawic MASZYNA.ID_MODEL=535 oraz uzupelnic brakujace pola w MODEL po zatwierdzeniu wartosci.;Potrzebuje od Ciebie brakujacych pol dla MODEL 535: PLIK;;
NISKI;KONICA MINOLTA;C 3110;9;jednoznaczny_niepelny;257(3/4);257;PLIK;Moge hurtowo ustawic MASZYNA.ID_MODEL=257 oraz uzupelnic brakujace pola w MODEL po zatwierdzeniu wartosci.;Potrzebuje od Ciebie brakujacych pol dla MODEL 257: PLIK;;
NISKI;RICOH;DSM 645;9;jednoznaczny_niepelny;328(3/4);328;PLIK;Moge hurtowo ustawic MASZYNA.ID_MODEL=328 oraz uzupelnic brakujace pola w MODEL po zatwierdzeniu wartosci.;Potrzebuje od Ciebie brakujacych pol dla MODEL 328: PLIK;;
NISKI;RICOH;DSM 675;9;jednoznaczny_niepelny;330(3/4);330;PLIK;Moge hurtowo ustawic MASZYNA.ID_MODEL=330 oraz uzupelnic brakujace pola w MODEL po zatwierdzeniu wartosci.;Potrzebuje od Ciebie brakujacych pol dla MODEL 330: PLIK;;
NISKI;RICOH;IM 2702;9;jednoznaczny_niepelny;456(3/4);456;PLIK;Moge hurtowo ustawic MASZYNA.ID_MODEL=456 oraz uzupelnic brakujace pola w MODEL po zatwierdzeniu wartosci.;Potrzebuje od Ciebie brakujacych pol dla MODEL 456: PLIK;;
NISKI;RICOH;IMC 5500;9;decyzja_duplikat;542(4/4) | 584(4/4);;;Moge hurtowo ustawic ID_MODEL po wskazaniu kanonicznego rekordu z listy kandydatow.;Potrzebuje od Ciebie wyboru jednego kanonicznego ID_MODEL dla tej sygnatury.;;
NISKI;RICOH;MPC 3502;9;jednoznaczny_niepelny;491(3/4);491;PLIK;Moge hurtowo ustawic MASZYNA.ID_MODEL=491 oraz uzupelnic brakujace pola w MODEL po zatwierdzeniu wartosci.;Potrzebuje od Ciebie brakujacych pol dla MODEL 491: PLIK;;
NISKI;RICOH;MPC 407;9;decyzja_duplikat;496(3/4) | 607(3/4);;RODZAJ;Moge hurtowo ustawic ID_MODEL po wskazaniu kanonicznego rekordu z listy kandydatow.;Potrzebuje od Ciebie wyboru jednego kanonicznego ID_MODEL dla tej sygnatury.;;
NISKI;EPSON;WF-M5690DWF;8;jednoznaczny_niepelny;99(3/4);99;PLIK;Moge hurtowo ustawic MASZYNA.ID_MODEL=99 oraz uzupelnic brakujace pola w MODEL po zatwierdzeniu wartosci.;Potrzebuje od Ciebie brakujacych pol dla MODEL 99: PLIK;;
NISKI;KYOCERA;FS-2020D;8;jednoznaczny_niepelny;276(3/4);276;PLIK;Moge hurtowo ustawic MASZYNA.ID_MODEL=276 oraz uzupelnic brakujace pola w MODEL po zatwierdzeniu wartosci.;Potrzebuje od Ciebie brakujacych pol dla MODEL 276: PLIK;;
NISKI;RICOH;7505;8;jednoznaczny_niepelny;451(3/4);451;PLIK;Moge hurtowo ustawic MASZYNA.ID_MODEL=451 oraz uzupelnic brakujace pola w MODEL po zatwierdzeniu wartosci.;Potrzebuje od Ciebie brakujacych pol dla MODEL 451: PLIK;;
NISKI;RICOH;MP 4000;8;jednoznaczny_niepelny;361(3/4);361;PLIK;Moge hurtowo ustawic MASZYNA.ID_MODEL=361 oraz uzupelnic brakujace pola w MODEL po zatwierdzeniu wartosci.;Potrzebuje od Ciebie brakujacych pol dla MODEL 361: PLIK;;
NISKI;RICOH;MPC 5504;8;jednoznaczny_niepelny;501(3/4);501;RODZAJ;Moge hurtowo ustawic MASZYNA.ID_MODEL=501 oraz uzupelnic brakujace pola w MODEL po zatwierdzeniu wartosci.;Potrzebuje od Ciebie brakujacych pol dla MODEL 501: RODZAJ;;
NISKI;RICOH;MPC 6003;8;decyzja_duplikat;608(4/4) | 503(3/4);;;Moge hurtowo ustawic ID_MODEL po wskazaniu kanonicznego rekordu z listy kandydatow.;Potrzebuje od Ciebie wyboru jednego kanonicznego ID_MODEL dla tej sygnatury.;;
NISKI;EPSON;WF - 5690;7;jednoznaczny_niepelny;87(3/4);87;PLIK;Moge hurtowo ustawic MASZYNA.ID_MODEL=87 oraz uzupelnic brakujace pola w MODEL po zatwierdzeniu wartosci.;Potrzebuje od Ciebie brakujacych pol dla MODEL 87: PLIK;;
NISKI;KONICA MINOLTA;C 252;7;jednoznaczny_niepelny;253(3/4);253;PLIK;Moge hurtowo ustawic MASZYNA.ID_MODEL=253 oraz uzupelnic brakujace pola w MODEL po zatwierdzeniu wartosci.;Potrzebuje od Ciebie brakujacych pol dla MODEL 253: PLIK;;
NISKI;KONICA MINOLTA;C 350;7;jednoznaczny_niepelny;260(3/4);260;PLIK;Moge hurtowo ustawic MASZYNA.ID_MODEL=260 oraz uzupelnic brakujace pola w MODEL po zatwierdzeniu wartosci.;Potrzebuje od Ciebie brakujacych pol dla MODEL 260: PLIK;;
NISKI;KYOCERA;4035I-MFP;7;jednoznaczny_niepelny;523(3/4);523;PLIK;Moge hurtowo ustawic MASZYNA.ID_MODEL=523 oraz uzupelnic brakujace pola w MODEL po zatwierdzeniu wartosci.;Potrzebuje od Ciebie brakujacych pol dla MODEL 523: PLIK;;
NISKI;RICOH;DSM 620;7;jednoznaczny_niepelny;323(3/4);323;PLIK;Moge hurtowo ustawic MASZYNA.ID_MODEL=323 oraz uzupelnic brakujace pola w MODEL po zatwierdzeniu wartosci.;Potrzebuje od Ciebie brakujacych pol dla MODEL 323: PLIK;;
NISKI;RICOH;DSM 660;7;jednoznaczny_niepelny;329(3/4);329;PLIK;Moge hurtowo ustawic MASZYNA.ID_MODEL=329 oraz uzupelnic brakujace pola w MODEL po zatwierdzeniu wartosci.;Potrzebuje od Ciebie brakujacych pol dla MODEL 329: PLIK;;
NISKI;RICOH;MP 4002;7;jednoznaczny_niepelny;479(3/4);479;PLIK;Moge hurtowo ustawic MASZYNA.ID_MODEL=479 oraz uzupelnic brakujace pola w MODEL po zatwierdzeniu wartosci.;Potrzebuje od Ciebie brakujacych pol dla MODEL 479: PLIK;;
NISKI;CANON;IR 1018;6;jednoznaczny_niepelny;24(3/4);24;PLIK;Moge hurtowo ustawic MASZYNA.ID_MODEL=24 oraz uzupelnic brakujace pola w MODEL po zatwierdzeniu wartosci.;Potrzebuje od Ciebie brakujacych pol dla MODEL 24: PLIK;;
NISKI;CANON;IR 2018;6;jednoznaczny_niepelny;29(3/4);29;PLIK;Moge hurtowo ustawic MASZYNA.ID_MODEL=29 oraz uzupelnic brakujace pola w MODEL po zatwierdzeniu wartosci.;Potrzebuje od Ciebie brakujacych pol dla MODEL 29: PLIK;;
NISKI;CANON;IR 4570;6;jednoznaczny_niepelny;40(3/4);40;PLIK;Moge hurtowo ustawic MASZYNA.ID_MODEL=40 oraz uzupelnic brakujace pola w MODEL po zatwierdzeniu wartosci.;Potrzebuje od Ciebie brakujacych pol dla MODEL 40: PLIK;;
NISKI;EPSON;WF-C8690 DWF;6;jednoznaczny_niepelny;95(2/4);95;KOLOR, PLIK;Moge hurtowo ustawic MASZYNA.ID_MODEL=95 oraz uzupelnic brakujace pola w MODEL po zatwierdzeniu wartosci.;Potrzebuje od Ciebie brakujacych pol dla MODEL 95: KOLOR, PLIK;;
NISKI;KONICA MINOLTA;C 220;6;jednoznaczny_niepelny;247(3/4);247;PLIK;Moge hurtowo ustawic MASZYNA.ID_MODEL=247 oraz uzupelnic brakujace pola w MODEL po zatwierdzeniu wartosci.;Potrzebuje od Ciebie brakujacych pol dla MODEL 247: PLIK;;
NISKI;RICOH;DSM 730;6;jednoznaczny_niepelny;332(3/4);332;PLIK;Moge hurtowo ustawic MASZYNA.ID_MODEL=332 oraz uzupelnic brakujace pola w MODEL po zatwierdzeniu wartosci.;Potrzebuje od Ciebie brakujacych pol dla MODEL 332: PLIK;;
NISKI;RICOH;MP 2500;6;jednoznaczny_niepelny;347(3/4);347;PLIK;Moge hurtowo ustawic MASZYNA.ID_MODEL=347 oraz uzupelnic brakujace pola w MODEL po zatwierdzeniu wartosci.;Potrzebuje od Ciebie brakujacych pol dla MODEL 347: PLIK;;
NISKI;RICOH;MP 5500;6;jednoznaczny_niepelny;365(3/4);365;PLIK;Moge hurtowo ustawic MASZYNA.ID_MODEL=365 oraz uzupelnic brakujace pola w MODEL po zatwierdzeniu wartosci.;Potrzebuje od Ciebie brakujacych pol dla MODEL 365: PLIK;;
NISKI;CANON;3520I;5;jednoznaczny_niepelny;12(3/4);12;PLIK;Moge hurtowo ustawic MASZYNA.ID_MODEL=12 oraz uzupelnic brakujace pola w MODEL po zatwierdzeniu wartosci.;Potrzebuje od Ciebie brakujacych pol dla MODEL 12: PLIK;;
NISKI;CANON;6512;5;jednoznaczny_niepelny;16(3/4);16;PLIK;Moge hurtowo ustawic MASZYNA.ID_MODEL=16 oraz uzupelnic brakujace pola w MODEL po zatwierdzeniu wartosci.;Potrzebuje od Ciebie brakujacych pol dla MODEL 16: PLIK;;
NISKI;KONICA MINOLTA;C 224E;5;decyzja_duplikat;248(3/4) | 549(3/4);;PLIK;Moge hurtowo ustawic ID_MODEL po wskazaniu kanonicznego rekordu z listy kandydatow.;Potrzebuje od Ciebie wyboru jednego kanonicznego ID_MODEL dla tej sygnatury.;;
NISKI;KONICA MINOLTA;INEO+ 224E;5;jednoznaczny_niepelny;72(3/4);72;PLIK;Moge hurtowo ustawic MASZYNA.ID_MODEL=72 oraz uzupelnic brakujace pola w MODEL po zatwierdzeniu wartosci.;Potrzebuje od Ciebie brakujacych pol dla MODEL 72: PLIK;;
NISKI;KYOCERA;2507ci;5;jednoznaczny_niepelny;519(3/4);519;PLIK;Moge hurtowo ustawic MASZYNA.ID_MODEL=519 oraz uzupelnic brakujace pola w MODEL po zatwierdzeniu wartosci.;Potrzebuje od Ciebie brakujacych pol dla MODEL 519: PLIK;;
NISKI;RICOH;1018;5;jednoznaczny_niepelny;425(3/4);425;PLIK;Moge hurtowo ustawic MASZYNA.ID_MODEL=425 oraz uzupelnic brakujace pola w MODEL po zatwierdzeniu wartosci.;Potrzebuje od Ciebie brakujacych pol dla MODEL 425: PLIK;;
NISKI;RICOH;1505 / 1315;5;jednoznaczny_niepelny;301(3/4);301;PLIK;Moge hurtowo ustawic MASZYNA.ID_MODEL=301 oraz uzupelnic brakujace pola w MODEL po zatwierdzeniu wartosci.;Potrzebuje od Ciebie brakujacych pol dla MODEL 301: PLIK;;
NISKI;RICOH;DSM 745;5;jednoznaczny_niepelny;333(3/4);333;PLIK;Moge hurtowo ustawic MASZYNA.ID_MODEL=333 oraz uzupelnic brakujace pola w MODEL po zatwierdzeniu wartosci.;Potrzebuje od Ciebie brakujacych pol dla MODEL 333: PLIK;;
NISKI;RICOH;IM 2500;5;decyzja_duplikat;455(3/4) | 574(3/4);;PLIK;Moge hurtowo ustawic ID_MODEL po wskazaniu kanonicznego rekordu z listy kandydatow.;Potrzebuje od Ciebie wyboru jednego kanonicznego ID_MODEL dla tej sygnatury.;;
NISKI;RICOH;MP 5001;5;jednoznaczny_niepelny;364(3/4);364;PLIK;Moge hurtowo ustawic MASZYNA.ID_MODEL=364 oraz uzupelnic brakujace pola w MODEL po zatwierdzeniu wartosci.;Potrzebuje od Ciebie brakujacych pol dla MODEL 364: PLIK;;
NISKI;TRIUMPH-ADLER;4030;5;jednoznaczny_niepelny;513(3/4);513;PLIK;Moge hurtowo ustawic MASZYNA.ID_MODEL=513 oraz uzupelnic brakujace pola w MODEL po zatwierdzeniu wartosci.;Potrzebuje od Ciebie brakujacych pol dla MODEL 513: PLIK;;
NISKI;CANON;IR 3035;4;jednoznaczny_niepelny;37(3/4);37;PLIK;Moge hurtowo ustawic MASZYNA.ID_MODEL=37 oraz uzupelnic brakujace pola w MODEL po zatwierdzeniu wartosci.;Potrzebuje od Ciebie brakujacych pol dla MODEL 37: PLIK;;
NISKI;HP;HP Designjet T650;4;jednoznaczny_niepelny;155(2/4);155;KOLOR, PLIK;Moge hurtowo ustawic MASZYNA.ID_MODEL=155 oraz uzupelnic brakujace pola w MODEL po zatwierdzeniu wartosci.;Potrzebuje od Ciebie brakujacych pol dla MODEL 155: KOLOR, PLIK;;
NISKI;KONICA MINOLTA;162;4;jednoznaczny_niepelny;233(3/4);233;PLIK;Moge hurtowo ustawic MASZYNA.ID_MODEL=233 oraz uzupelnic brakujace pola w MODEL po zatwierdzeniu wartosci.;Potrzebuje od Ciebie brakujacych pol dla MODEL 233: PLIK;;
NISKI;KONICA MINOLTA;C 203;4;jednoznaczny_niepelny;245(3/4);245;PLIK;Moge hurtowo ustawic MASZYNA.ID_MODEL=245 oraz uzupelnic brakujace pola w MODEL po zatwierdzeniu wartosci.;Potrzebuje od Ciebie brakujacych pol dla MODEL 245: PLIK;;
NISKI;KONICA MINOLTA;INEO 220;4;jednoznaczny_niepelny;70(3/4);70;PLIK;Moge hurtowo ustawic MASZYNA.ID_MODEL=70 oraz uzupelnic brakujace pola w MODEL po zatwierdzeniu wartosci.;Potrzebuje od Ciebie brakujacych pol dla MODEL 70: PLIK;;
NISKI;KYOCERA;P 6235C;4;jednoznaczny_niepelny;282(3/4);282;PLIK;Moge hurtowo ustawic MASZYNA.ID_MODEL=282 oraz uzupelnic brakujace pola w MODEL po zatwierdzeniu wartosci.;Potrzebuje od Ciebie brakujacych pol dla MODEL 282: PLIK;;
NISKI;KYOCERA;P-5532;4;jednoznaczny_niepelny;525(3/4);525;PLIK;Moge hurtowo ustawic MASZYNA.ID_MODEL=525 oraz uzupelnic brakujace pola w MODEL po zatwierdzeniu wartosci.;Potrzebuje od Ciebie brakujacych pol dla MODEL 525: PLIK;;
NISKI;RICOH;1515;4;jednoznaczny_niepelny;427(3/4);427;PLIK;Moge hurtowo ustawic MASZYNA.ID_MODEL=427 oraz uzupelnic brakujace pola w MODEL po zatwierdzeniu wartosci.;Potrzebuje od Ciebie brakujacych pol dla MODEL 427: PLIK;;
NISKI;RICOH;DSC 328;4;jednoznaczny_niepelny;314(3/4);314;PLIK;Moge hurtowo ustawic MASZYNA.ID_MODEL=314 oraz uzupelnic brakujace pola w MODEL po zatwierdzeniu wartosci.;Potrzebuje od Ciebie brakujacych pol dla MODEL 314: PLIK;;
NISKI;RICOH;DSC 424;4;jednoznaczny_niepelny;316(3/4);316;PLIK;Moge hurtowo ustawic MASZYNA.ID_MODEL=316 oraz uzupelnic brakujace pola w MODEL po zatwierdzeniu wartosci.;Potrzebuje od Ciebie brakujacych pol dla MODEL 316: PLIK;;
NISKI;RICOH;DSC 435;4;jednoznaczny_niepelny;317(3/4);317;PLIK;Moge hurtowo ustawic MASZYNA.ID_MODEL=317 oraz uzupelnic brakujace pola w MODEL po zatwierdzeniu wartosci.;Potrzebuje od Ciebie brakujacych pol dla MODEL 317: PLIK;;
NISKI;RICOH;IMC 2000;4;decyzja_duplikat;461(3/4) | 579(3/4);;RODZAJ;Moge hurtowo ustawic ID_MODEL po wskazaniu kanonicznego rekordu z listy kandydatow.;Potrzebuje od Ciebie wyboru jednego kanonicznego ID_MODEL dla tej sygnatury.;;
NISKI;RICOH;MP 1600;4;jednoznaczny_niepelny;337(2/4);337;KOLOR, PLIK;Moge hurtowo ustawic MASZYNA.ID_MODEL=337 oraz uzupelnic brakujace pola w MODEL po zatwierdzeniu wartosci.;Potrzebuje od Ciebie brakujacych pol dla MODEL 337: KOLOR, PLIK;;
NISKI;RICOH;MP 6002;4;jednoznaczny_niepelny;367(3/4);367;PLIK;Moge hurtowo ustawic MASZYNA.ID_MODEL=367 oraz uzupelnic brakujace pola w MODEL po zatwierdzeniu wartosci.;Potrzebuje od Ciebie brakujacych pol dla MODEL 367: PLIK;;
NISKI;RICOH;Ricoh IM 350;4;jednoznaczny_niepelny;632(3/4);632;RODZAJ;Moge hurtowo ustawic MASZYNA.ID_MODEL=632 oraz uzupelnic brakujace pola w MODEL po zatwierdzeniu wartosci.;Potrzebuje od Ciebie brakujacych pol dla MODEL 632: RODZAJ;;
NISKI;CANON;IR 1024IF;3;jednoznaczny_niepelny;27(3/4);27;PLIK;Moge hurtowo ustawic MASZYNA.ID_MODEL=27 oraz uzupelnic brakujace pola w MODEL po zatwierdzeniu wartosci.;Potrzebuje od Ciebie brakujacych pol dla MODEL 27: PLIK;;
NISKI;CANON;IR 2200;3;jednoznaczny_niepelny;31(3/4);31;PLIK;Moge hurtowo ustawic MASZYNA.ID_MODEL=31 oraz uzupelnic brakujace pola w MODEL po zatwierdzeniu wartosci.;Potrzebuje od Ciebie brakujacych pol dla MODEL 31: PLIK;;
NISKI;CANON;IR 6555I;3;jednoznaczny_niepelny;42(3/4);42;PLIK;Moge hurtowo ustawic MASZYNA.ID_MODEL=42 oraz uzupelnic brakujace pola w MODEL po zatwierdzeniu wartosci.;Potrzebuje od Ciebie brakujacych pol dla MODEL 42: PLIK;;
NISKI;CANON;IR ADVANCE 4225I;3;jednoznaczny_niepelny;45(3/4);45;PLIK;Moge hurtowo ustawic MASZYNA.ID_MODEL=45 oraz uzupelnic brakujace pola w MODEL po zatwierdzeniu wartosci.;Potrzebuje od Ciebie brakujacych pol dla MODEL 45: PLIK;;
NISKI;CANON;imagePROGRAF TM-300;3;jednoznaczny_niepelny;63(2/4);63;KOLOR, PLIK;Moge hurtowo ustawic MASZYNA.ID_MODEL=63 oraz uzupelnic brakujace pola w MODEL po zatwierdzeniu wartosci.;Potrzebuje od Ciebie brakujacych pol dla MODEL 63: KOLOR, PLIK;;
NISKI;EPSON;EPSONSC-T 5100;3;jednoznaczny_niepelny;84(2/4);84;KOLOR, PLIK;Moge hurtowo ustawic MASZYNA.ID_MODEL=84 oraz uzupelnic brakujace pola w MODEL po zatwierdzeniu wartosci.;Potrzebuje od Ciebie brakujacych pol dla MODEL 84: KOLOR, PLIK;;
NISKI;EPSON;WF-C5790DWF;3;jednoznaczny_niepelny;93(3/4);93;PLIK;Moge hurtowo ustawic MASZYNA.ID_MODEL=93 oraz uzupelnic brakujace pola w MODEL po zatwierdzeniu wartosci.;Potrzebuje od Ciebie brakujacych pol dla MODEL 93: PLIK;;
NISKI;HP;DesignJet T650;3;jednoznaczny_niepelny;151(2/4);151;KOLOR, PLIK;Moge hurtowo ustawic MASZYNA.ID_MODEL=151 oraz uzupelnic brakujace pola w MODEL po zatwierdzeniu wartosci.;Potrzebuje od Ciebie brakujacych pol dla MODEL 151: KOLOR, PLIK;;
NISKI;HP;HP Designjet 510;3;jednoznaczny_niepelny;153(2/4);153;KOLOR, PLIK;Moge hurtowo ustawic MASZYNA.ID_MODEL=153 oraz uzupelnic brakujace pola w MODEL po zatwierdzeniu wartosci.;Potrzebuje od Ciebie brakujacych pol dla MODEL 153: KOLOR, PLIK;;
NISKI;KONICA MINOLTA;BIZHUB 223;3;jednoznaczny_niepelny;242(3/4);242;PLIK;Moge hurtowo ustawic MASZYNA.ID_MODEL=242 oraz uzupelnic brakujace pola w MODEL po zatwierdzeniu wartosci.;Potrzebuje od Ciebie brakujacych pol dla MODEL 242: PLIK;;
NISKI;KONICA MINOLTA;C 450;3;jednoznaczny_niepelny;262(3/4);262;PLIK;Moge hurtowo ustawic MASZYNA.ID_MODEL=262 oraz uzupelnic brakujace pola w MODEL po zatwierdzeniu wartosci.;Potrzebuje od Ciebie brakujacych pol dla MODEL 262: PLIK;;
NISKI;KONICA MINOLTA;C 451;3;decyzja_duplikat;263(2/4) | 548(2/4);;RODZAJ, PLIK;Moge hurtowo ustawic ID_MODEL po wskazaniu kanonicznego rekordu z listy kandydatow.;Potrzebuje od Ciebie wyboru jednego kanonicznego ID_MODEL dla tej sygnatury.;;
NISKI;KONICA MINOLTA;INEO+ 284;3;jednoznaczny_niepelny;74(3/4);74;PLIK;Moge hurtowo ustawic MASZYNA.ID_MODEL=74 oraz uzupelnic brakujace pola w MODEL po zatwierdzeniu wartosci.;Potrzebuje od Ciebie brakujacych pol dla MODEL 74: PLIK;;
NISKI;KYOCERA;TASKalfa 356ci;3;jednoznaczny_niepelny;283(3/4);283;KOLOR;Moge hurtowo ustawic MASZYNA.ID_MODEL=283 oraz uzupelnic brakujace pola w MODEL po zatwierdzeniu wartosci.;Potrzebuje od Ciebie brakujacych pol dla MODEL 283: KOLOR;;
NISKI;RICOH;3205;3;jednoznaczny_niepelny;306(3/4);306;PLIK;Moge hurtowo ustawic MASZYNA.ID_MODEL=306 oraz uzupelnic brakujace pola w MODEL po zatwierdzeniu wartosci.;Potrzebuje od Ciebie brakujacych pol dla MODEL 306: PLIK;;
NISKI;RICOH;5210 SF;3;jednoznaczny_niepelny;449(3/4);449;PLIK;Moge hurtowo ustawic MASZYNA.ID_MODEL=449 oraz uzupelnic brakujace pola w MODEL po zatwierdzeniu wartosci.;Potrzebuje od Ciebie brakujacych pol dla MODEL 449: PLIK;;
NISKI;RICOH;7502;3;jednoznaczny_niepelny;450(3/4);450;PLIK;Moge hurtowo ustawic MASZYNA.ID_MODEL=450 oraz uzupelnic brakujace pola w MODEL po zatwierdzeniu wartosci.;Potrzebuje od Ciebie brakujacych pol dla MODEL 450: PLIK;;
NISKI;RICOH;DSM 735;3;jednoznaczny_niepelny;335(3/4);335;PLIK;Moge hurtowo ustawic MASZYNA.ID_MODEL=335 oraz uzupelnic brakujace pola w MODEL po zatwierdzeniu wartosci.;Potrzebuje od Ciebie brakujacych pol dla MODEL 335: PLIK;;
NISKI;RICOH;MP 5054;3;decyzja_duplikat;484(4/4) | 595(4/4);;;Moge hurtowo ustawic ID_MODEL po wskazaniu kanonicznego rekordu z listy kandydatow.;Potrzebuje od Ciebie wyboru jednego kanonicznego ID_MODEL dla tej sygnatury.;;
NISKI;RICOH;MP 8001;3;jednoznaczny_niepelny;370(3/4);370;PLIK;Moge hurtowo ustawic MASZYNA.ID_MODEL=370 oraz uzupelnic brakujace pola w MODEL po zatwierdzeniu wartosci.;Potrzebuje od Ciebie brakujacych pol dla MODEL 370: PLIK;;
NISKI;TRIUMPH-ADLER;P-C3061;3;jednoznaczny_niepelny;515(3/4);515;PLIK;Moge hurtowo ustawic MASZYNA.ID_MODEL=515 oraz uzupelnic brakujace pola w MODEL po zatwierdzeniu wartosci.;Potrzebuje od Ciebie brakujacych pol dla MODEL 515: PLIK;;
NISKI;CANON;6612;2;jednoznaczny_niepelny;17(3/4);17;PLIK;Moge hurtowo ustawic MASZYNA.ID_MODEL=17 oraz uzupelnic brakujace pola w MODEL po zatwierdzeniu wartosci.;Potrzebuje od Ciebie brakujacych pol dla MODEL 17: PLIK;;
NISKI;CANON;C 5030I;2;jednoznaczny_niepelny;19(2/4);19;RODZAJ, PLIK;Moge hurtowo ustawic MASZYNA.ID_MODEL=19 oraz uzupelnic brakujace pola w MODEL po zatwierdzeniu wartosci.;Potrzebuje od Ciebie brakujacych pol dla MODEL 19: RODZAJ, PLIK;;
NISKI;CANON;FORMULA DR- 6010C;2;jednoznaczny_niepelny;20(2/4);20;KOLOR, PLIK;Moge hurtowo ustawic MASZYNA.ID_MODEL=20 oraz uzupelnic brakujace pola w MODEL po zatwierdzeniu wartosci.;Potrzebuje od Ciebie brakujacych pol dla MODEL 20: KOLOR, PLIK;;
NISKI;CANON;IPF 770;2;jednoznaczny_niepelny;23(3/4);23;PLIK;Moge hurtowo ustawic MASZYNA.ID_MODEL=23 oraz uzupelnic brakujace pola w MODEL po zatwierdzeniu wartosci.;Potrzebuje od Ciebie brakujacych pol dla MODEL 23: PLIK;;
NISKI;CANON;IR 1022I;2;jednoznaczny_niepelny;26(3/4);26;PLIK;Moge hurtowo ustawic MASZYNA.ID_MODEL=26 oraz uzupelnic brakujace pola w MODEL po zatwierdzeniu wartosci.;Potrzebuje od Ciebie brakujacych pol dla MODEL 26: PLIK;;
NISKI;CANON;IR 1133;2;jednoznaczny_niepelny;28(3/4);28;PLIK;Moge hurtowo ustawic MASZYNA.ID_MODEL=28 oraz uzupelnic brakujace pola w MODEL po zatwierdzeniu wartosci.;Potrzebuje od Ciebie brakujacych pol dla MODEL 28: PLIK;;
NISKI;CANON;IR 2270;2;decyzja_duplikat;32(2/4) | 552(2/4);;RODZAJ, PLIK;Moge hurtowo ustawic ID_MODEL po wskazaniu kanonicznego rekordu z listy kandydatow.;Potrzebuje od Ciebie wyboru jednego kanonicznego ID_MODEL dla tej sygnatury.;;
NISKI;CANON;IR 2800;2;jednoznaczny_niepelny;35(3/4);35;PLIK;Moge hurtowo ustawic MASZYNA.ID_MODEL=35 oraz uzupelnic brakujace pola w MODEL po zatwierdzeniu wartosci.;Potrzebuje od Ciebie brakujacych pol dla MODEL 35: PLIK;;
NISKI;CANON;IR ADVANCE C5235I;2;jednoznaczny_niepelny;48(3/4);48;KOLOR;Moge hurtowo ustawic MASZYNA.ID_MODEL=48 oraz uzupelnic brakujace pola w MODEL po zatwierdzeniu wartosci.;Potrzebuje od Ciebie brakujacych pol dla MODEL 48: KOLOR;;
NISKI;CANON;IR-ADV 525i;2;jednoznaczny_niepelny;51(3/4);51;PLIK;Moge hurtowo ustawic MASZYNA.ID_MODEL=51 oraz uzupelnic brakujace pola w MODEL po zatwierdzeniu wartosci.;Potrzebuje od Ciebie brakujacych pol dla MODEL 51: PLIK;;
NISKI;EPSON;WF-869RD3TWFC;2;jednoznaczny_niepelny;92(3/4);92;PLIK;Moge hurtowo ustawic MASZYNA.ID_MODEL=92 oraz uzupelnic brakujace pola w MODEL po zatwierdzeniu wartosci.;Potrzebuje od Ciebie brakujacych pol dla MODEL 92: PLIK;;
NISKI;EPSON;WF-C878R;2;jednoznaczny_niepelny;97(2/4);97;RODZAJ, PLIK;Moge hurtowo ustawic MASZYNA.ID_MODEL=97 oraz uzupelnic brakujace pola w MODEL po zatwierdzeniu wartosci.;Potrzebuje od Ciebie brakujacych pol dla MODEL 97: RODZAJ, PLIK;;
NISKI;HP;500;2;jednoznaczny_niepelny;146(3/4);146;PLIK;Moge hurtowo ustawic MASZYNA.ID_MODEL=146 oraz uzupelnic brakujace pola w MODEL po zatwierdzeniu wartosci.;Potrzebuje od Ciebie brakujacych pol dla MODEL 146: PLIK;;
NISKI;HP;LJ 2727MF;2;jednoznaczny_niepelny;160(3/4);160;PLIK;Moge hurtowo ustawic MASZYNA.ID_MODEL=160 oraz uzupelnic brakujace pola w MODEL po zatwierdzeniu wartosci.;Potrzebuje od Ciebie brakujacych pol dla MODEL 160: PLIK;;
NISKI;KONICA MINOLTA;360;2;jednoznaczny_niepelny;239(3/4);239;PLIK;Moge hurtowo ustawic MASZYNA.ID_MODEL=239 oraz uzupelnic brakujace pola w MODEL po zatwierdzeniu wartosci.;Potrzebuje od Ciebie brakujacych pol dla MODEL 239: PLIK;;
NISKI;KONICA MINOLTA;BIZNHUB 211;2;jednoznaczny_niepelny;244(2/4);244;KOLOR, PLIK;Moge hurtowo ustawic MASZYNA.ID_MODEL=244 oraz uzupelnic brakujace pola w MODEL po zatwierdzeniu wartosci.;Potrzebuje od Ciebie brakujacych pol dla MODEL 244: KOLOR, PLIK;;
NISKI;KONICA MINOLTA;C 204;2;jednoznaczny_niepelny;246(2/4);246;RODZAJ, PLIK;Moge hurtowo ustawic MASZYNA.ID_MODEL=246 oraz uzupelnic brakujace pola w MODEL po zatwierdzeniu wartosci.;Potrzebuje od Ciebie brakujacych pol dla MODEL 246: RODZAJ, PLIK;;
NISKI;KONICA MINOLTA;C 250;2;jednoznaczny_niepelny;252(3/4);252;PLIK;Moge hurtowo ustawic MASZYNA.ID_MODEL=252 oraz uzupelnic brakujace pola w MODEL po zatwierdzeniu wartosci.;Potrzebuje od Ciebie brakujacych pol dla MODEL 252: PLIK;;
NISKI;KONICA MINOLTA;C 253;2;jednoznaczny_niepelny;254(3/4);254;PLIK;Moge hurtowo ustawic MASZYNA.ID_MODEL=254 oraz uzupelnic brakujace pola w MODEL po zatwierdzeniu wartosci.;Potrzebuje od Ciebie brakujacych pol dla MODEL 254: PLIK;;
NISKI;KONICA MINOLTA;C 258;2;decyzja_duplikat;255(3/4) | 268(3/4);;PLIK;Moge hurtowo ustawic ID_MODEL po wskazaniu kanonicznego rekordu z listy kandydatow.;Potrzebuje od Ciebie wyboru jednego kanonicznego ID_MODEL dla tej sygnatury.;;
NISKI;KONICA MINOLTA;C 300;2;jednoznaczny_niepelny;256(3/4);256;PLIK;Moge hurtowo ustawic MASZYNA.ID_MODEL=256 oraz uzupelnic brakujace pola w MODEL po zatwierdzeniu wartosci.;Potrzebuje od Ciebie brakujacych pol dla MODEL 256: PLIK;;
NISKI;KONICA MINOLTA;C 360;2;jednoznaczny_niepelny;261(3/4);261;PLIK;Moge hurtowo ustawic MASZYNA.ID_MODEL=261 oraz uzupelnic brakujace pola w MODEL po zatwierdzeniu wartosci.;Potrzebuje od Ciebie brakujacych pol dla MODEL 261: PLIK;;
NISKI;KONICA MINOLTA;INEO 227;2;jednoznaczny_niepelny;71(3/4);71;PLIK;Moge hurtowo ustawic MASZYNA.ID_MODEL=71 oraz uzupelnic brakujace pola w MODEL po zatwierdzeniu wartosci.;Potrzebuje od Ciebie brakujacych pol dla MODEL 71: PLIK;;
NISKI;KONICA MINOLTA;INEO+ 3351;2;jednoznaczny_niepelny;75(3/4);75;PLIK;Moge hurtowo ustawic MASZYNA.ID_MODEL=75 oraz uzupelnic brakujace pola w MODEL po zatwierdzeniu wartosci.;Potrzebuje od Ciebie brakujacych pol dla MODEL 75: PLIK;;
NISKI;KONICA MINOLTA;INEO+ 6000L;2;jednoznaczny_niepelny;79(2/4);79;KOLOR, PLIK;Moge hurtowo ustawic MASZYNA.ID_MODEL=79 oraz uzupelnic brakujace pola w MODEL po zatwierdzeniu wartosci.;Potrzebuje od Ciebie brakujacych pol dla MODEL 79: KOLOR, PLIK;;
NISKI;KYOCERA;3212i;2;jednoznaczny_niepelny;510(3/4);510;PLIK;Moge hurtowo ustawic MASZYNA.ID_MODEL=510 oraz uzupelnic brakujace pola w MODEL po zatwierdzeniu wartosci.;Potrzebuje od Ciebie brakujacych pol dla MODEL 510: PLIK;;
NISKI;KYOCERA;M 2040;2;jednoznaczny_niepelny;269(2/4);269;RODZAJ, PLIK;Moge hurtowo ustawic MASZYNA.ID_MODEL=269 oraz uzupelnic brakujace pola w MODEL po zatwierdzeniu wartosci.;Potrzebuje od Ciebie brakujacych pol dla MODEL 269: RODZAJ, PLIK;;
NISKI;KYOCERA;M 3040I;2;jednoznaczny_niepelny;279(3/4);279;PLIK;Moge hurtowo ustawic MASZYNA.ID_MODEL=279 oraz uzupelnic brakujace pola w MODEL po zatwierdzeniu wartosci.;Potrzebuje od Ciebie brakujacych pol dla MODEL 279: PLIK;;
NISKI;KYOCERA;M3145idn;2;jednoznaczny_niepelny;30002520(3/4);30002520;PLIK;Moge hurtowo ustawic MASZYNA.ID_MODEL=30002520 oraz uzupelnic brakujace pola w MODEL po zatwierdzeniu wartosci.;Potrzebuje od Ciebie brakujacych pol dla MODEL 30002520: PLIK;;
NISKI;KYOCERA;P 5532;2;jednoznaczny_niepelny;524(3/4);524;PLIK;Moge hurtowo ustawic MASZYNA.ID_MODEL=524 oraz uzupelnic brakujace pola w MODEL po zatwierdzeniu wartosci.;Potrzebuje od Ciebie brakujacych pol dla MODEL 524: PLIK;;
NISKI;OCE;9400;2;jednoznaczny_niepelny;418(3/4);418;PLIK;Moge hurtowo ustawic MASZYNA.ID_MODEL=418 oraz uzupelnic brakujace pola w MODEL po zatwierdzeniu wartosci.;Potrzebuje od Ciebie brakujacych pol dla MODEL 418: PLIK;;
NISKI;RICOH;2018;2;jednoznaczny_niepelny;429(3/4);429;PLIK;Moge hurtowo ustawic MASZYNA.ID_MODEL=429 oraz uzupelnic brakujace pola w MODEL po zatwierdzeniu wartosci.;Potrzebuje od Ciebie brakujacych pol dla MODEL 429: PLIK;;
NISKI;RICOH;201n;2;jednoznaczny_niepelny;430(3/4);430;PLIK;Moge hurtowo ustawic MASZYNA.ID_MODEL=430 oraz uzupelnic brakujace pola w MODEL po zatwierdzeniu wartosci.;Potrzebuje od Ciebie brakujacych pol dla MODEL 430: PLIK;;
NISKI;RICOH;2020;2;jednoznaczny_niepelny;431(3/4);431;PLIK;Moge hurtowo ustawic MASZYNA.ID_MODEL=431 oraz uzupelnic brakujace pola w MODEL po zatwierdzeniu wartosci.;Potrzebuje od Ciebie brakujacych pol dla MODEL 431: PLIK;;
NISKI;RICOH;2022;2;jednoznaczny_niepelny;432(3/4);432;PLIK;Moge hurtowo ustawic MASZYNA.ID_MODEL=432 oraz uzupelnic brakujace pola w MODEL po zatwierdzeniu wartosci.;Potrzebuje od Ciebie brakujacych pol dla MODEL 432: PLIK;;
NISKI;RICOH;220;2;jednoznaczny_niepelny;434(3/4);434;PLIK;Moge hurtowo ustawic MASZYNA.ID_MODEL=434 oraz uzupelnic brakujace pola w MODEL po zatwierdzeniu wartosci.;Potrzebuje od Ciebie brakujacych pol dla MODEL 434: PLIK;;
NISKI;RICOH;2705;2;jednoznaczny_niepelny;305(3/4);305;PLIK;Moge hurtowo ustawic MASZYNA.ID_MODEL=305 oraz uzupelnic brakujace pola w MODEL po zatwierdzeniu wartosci.;Potrzebuje od Ciebie brakujacych pol dla MODEL 305: PLIK;;
NISKI;RICOH;3025;2;jednoznaczny_niepelny;437(3/4);437;PLIK;Moge hurtowo ustawic MASZYNA.ID_MODEL=437 oraz uzupelnic brakujace pola w MODEL po zatwierdzeniu wartosci.;Potrzebuje od Ciebie brakujacych pol dla MODEL 437: PLIK;;
NISKI;RICOH;5200s S;2;jednoznaczny_niepelny;447(3/4);447;PLIK;Moge hurtowo ustawic MASZYNA.ID_MODEL=447 oraz uzupelnic brakujace pola w MODEL po zatwierdzeniu wartosci.;Potrzebuje od Ciebie brakujacych pol dla MODEL 447: PLIK;;
NISKI;RICOH;6002;2;jednoznaczny_niepelny;309(3/4);309;PLIK;Moge hurtowo ustawic MASZYNA.ID_MODEL=309 oraz uzupelnic brakujace pola w MODEL po zatwierdzeniu wartosci.;Potrzebuje od Ciebie brakujacych pol dla MODEL 309: PLIK;;
NISKI;RICOH;D 422;2;jednoznaczny_niepelny;312(3/4);312;PLIK;Moge hurtowo ustawic MASZYNA.ID_MODEL=312 oraz uzupelnic brakujace pola w MODEL po zatwierdzeniu wartosci.;Potrzebuje od Ciebie brakujacych pol dla MODEL 312: PLIK;;
NISKI;RICOH;IM 3000;2;decyzja_duplikat;536(3/4) | 540(3/4);;PLIK;Moge hurtowo ustawic ID_MODEL po wskazaniu kanonicznego rekordu z listy kandydatow.;Potrzebuje od Ciebie wyboru jednego kanonicznego ID_MODEL dla tej sygnatury.;;
NISKI;RICOH;MP 2014D;2;jednoznaczny_niepelny;343(3/4);343;PLIK;Moge hurtowo ustawic MASZYNA.ID_MODEL=343 oraz uzupelnic brakujace pola w MODEL po zatwierdzeniu wartosci.;Potrzebuje od Ciebie brakujacych pol dla MODEL 343: PLIK;;
NISKI;RICOH;MP 2205;2;jednoznaczny_niepelny;345(3/4);345;PLIK;Moge hurtowo ustawic MASZYNA.ID_MODEL=345 oraz uzupelnic brakujace pola w MODEL po zatwierdzeniu wartosci.;Potrzebuje od Ciebie brakujacych pol dla MODEL 345: PLIK;;
NISKI;RICOH;MP 2352;2;decyzja_duplikat;587(4/4) | 613(4/4) | 346(3/4);;;Moge hurtowo ustawic ID_MODEL po wskazaniu kanonicznego rekordu z listy kandydatow.;Potrzebuje od Ciebie wyboru jednego kanonicznego ID_MODEL dla tej sygnatury.;;
NISKI;RICOH;MP 3002;2;jednoznaczny_niepelny;471(3/4);471;PLIK;Moge hurtowo ustawic MASZYNA.ID_MODEL=471 oraz uzupelnic brakujace pola w MODEL po zatwierdzeniu wartosci.;Potrzebuje od Ciebie brakujacych pol dla MODEL 471: PLIK;;
NISKI;RICOH;MP 4000B;2;jednoznaczny_niepelny;204(3/4);204;PLIK;Moge hurtowo ustawic MASZYNA.ID_MODEL=204 oraz uzupelnic brakujace pola w MODEL po zatwierdzeniu wartosci.;Potrzebuje od Ciebie brakujacych pol dla MODEL 204: PLIK;;
NISKI;RICOH;MP 5002;2;jednoznaczny_niepelny;483(3/4);483;PLIK;Moge hurtowo ustawic MASZYNA.ID_MODEL=483 oraz uzupelnic brakujace pola w MODEL po zatwierdzeniu wartosci.;Potrzebuje od Ciebie brakujacych pol dla MODEL 483: PLIK;;
NISKI;RICOH;MP 501SP;2;decyzja_duplikat;376(3/4) | 30002514(2/4);;PLIK;Moge hurtowo ustawic ID_MODEL po wskazaniu kanonicznego rekordu z listy kandydatow.;Potrzebuje od Ciebie wyboru jednego kanonicznego ID_MODEL dla tej sygnatury.;;
NISKI;RICOH;MP 7001;2;jednoznaczny_niepelny;369(3/4);369;PLIK;Moge hurtowo ustawic MASZYNA.ID_MODEL=369 oraz uzupelnic brakujace pola w MODEL po zatwierdzeniu wartosci.;Potrzebuje od Ciebie brakujacych pol dla MODEL 369: PLIK;;
NISKI;RICOH;MP6055;2;jednoznaczny_niepelny;30002500(3/4);30002500;PLIK;Moge hurtowo ustawic MASZYNA.ID_MODEL=30002500 oraz uzupelnic brakujace pola w MODEL po zatwierdzeniu wartosci.;Potrzebuje od Ciebie brakujacych pol dla MODEL 30002500: PLIK;;
NISKI;RICOH;MPC 401;2;jednoznaczny_niepelny;494(2/4);494;RODZAJ, PLIK;Moge hurtowo ustawic MASZYNA.ID_MODEL=494 oraz uzupelnic brakujace pola w MODEL po zatwierdzeniu wartosci.;Potrzebuje od Ciebie brakujacych pol dla MODEL 494: RODZAJ, PLIK;;
NISKI;RICOH;SP 5210 SR;2;jednoznaczny_niepelny;408(3/4);408;PLIK;Moge hurtowo ustawic MASZYNA.ID_MODEL=408 oraz uzupelnic brakujace pola w MODEL po zatwierdzeniu wartosci.;Potrzebuje od Ciebie brakujacych pol dla MODEL 408: PLIK;;
NISKI;BROTHER;DCP-L 5500 dn;1;jednoznaczny_niepelny;7(1/4);7;RODZAJ, KOLOR, PLIK;Moge hurtowo ustawic MASZYNA.ID_MODEL=7 oraz uzupelnic brakujace pola w MODEL po zatwierdzeniu wartosci.;Potrzebuje od Ciebie brakujacych pol dla MODEL 7: RODZAJ, KOLOR, PLIK;;
NISKI;BROTHER;MFC-J6920DW;1;jednoznaczny_niepelny;10(2/4);10;RODZAJ, PLIK;Moge hurtowo ustawic MASZYNA.ID_MODEL=10 oraz uzupelnic brakujace pola w MODEL po zatwierdzeniu wartosci.;Potrzebuje od Ciebie brakujacych pol dla MODEL 10: RODZAJ, PLIK;;
NISKI;BROTHER;MPF-8950DW;1;jednoznaczny_niepelny;8(3/4);8;PLIK;Moge hurtowo ustawic MASZYNA.ID_MODEL=8 oraz uzupelnic brakujace pola w MODEL po zatwierdzeniu wartosci.;Potrzebuje od Ciebie brakujacych pol dla MODEL 8: PLIK;;
NISKI;BROTHER;XYZ;1;jednoznaczny_niepelny;9(1/4);9;RODZAJ, KOLOR, PLIK;Moge hurtowo ustawic MASZYNA.ID_MODEL=9 oraz uzupelnic brakujace pola w MODEL po zatwierdzeniu wartosci.;Potrzebuje od Ciebie brakujacych pol dla MODEL 9: RODZAJ, KOLOR, PLIK;;
NISKI;CANON;1643 i;1;jednoznaczny_niepelny;30002493(2/4);30002493;RODZAJ, PLIK;Moge hurtowo ustawic MASZYNA.ID_MODEL=30002493 oraz uzupelnic brakujace pola w MODEL po zatwierdzeniu wartosci.;Potrzebuje od Ciebie brakujacych pol dla MODEL 30002493: RODZAJ, PLIK;;
NISKI;CANON;4025I;1;jednoznaczny_niepelny;14(3/4);14;PLIK;Moge hurtowo ustawic MASZYNA.ID_MODEL=14 oraz uzupelnic brakujace pola w MODEL po zatwierdzeniu wartosci.;Potrzebuje od Ciebie brakujacych pol dla MODEL 14: PLIK;;
NISKI;CANON;4320D;1;jednoznaczny_niepelny;15(3/4);15;PLIK;Moge hurtowo ustawic MASZYNA.ID_MODEL=15 oraz uzupelnic brakujace pola w MODEL po zatwierdzeniu wartosci.;Potrzebuje od Ciebie brakujacych pol dla MODEL 15: PLIK;;
NISKI;CANON;C 250I;1;jednoznaczny_niepelny;18(3/4);18;PLIK;Moge hurtowo ustawic MASZYNA.ID_MODEL=18 oraz uzupelnic brakujace pola w MODEL po zatwierdzeniu wartosci.;Potrzebuje od Ciebie brakujacych pol dla MODEL 18: PLIK;;
NISKI;CANON;DR-G2110;1;jednoznaczny_niepelny;546(3/4);546;PLIK;Moge hurtowo ustawic MASZYNA.ID_MODEL=546 oraz uzupelnic brakujace pola w MODEL po zatwierdzeniu wartosci.;Potrzebuje od Ciebie brakujacych pol dla MODEL 546: PLIK;;
NISKI;CANON;IPF 750;1;jednoznaczny_niepelny;21(3/4);21;PLIK;Moge hurtowo ustawic MASZYNA.ID_MODEL=21 oraz uzupelnic brakujace pola w MODEL po zatwierdzeniu wartosci.;Potrzebuje od Ciebie brakujacych pol dla MODEL 21: PLIK;;
NISKI;CANON;IPF 755;1;jednoznaczny_niepelny;22(3/4);22;PLIK;Moge hurtowo ustawic MASZYNA.ID_MODEL=22 oraz uzupelnic brakujace pola w MODEL po zatwierdzeniu wartosci.;Potrzebuje od Ciebie brakujacych pol dla MODEL 22: PLIK;;
NISKI;CANON;IR 1020;1;jednoznaczny_niepelny;25(3/4);25;PLIK;Moge hurtowo ustawic MASZYNA.ID_MODEL=25 oraz uzupelnic brakujace pola w MODEL po zatwierdzeniu wartosci.;Potrzebuje od Ciebie brakujacych pol dla MODEL 25: PLIK;;
NISKI;CANON;IR 2022;1;jednoznaczny_niepelny;30(3/4);30;PLIK;Moge hurtowo ustawic MASZYNA.ID_MODEL=30 oraz uzupelnic brakujace pola w MODEL po zatwierdzeniu wartosci.;Potrzebuje od Ciebie brakujacych pol dla MODEL 30: PLIK;;
NISKI;CANON;IR 2530;1;decyzja_duplikat;34(3/4) | 553(3/4);;PLIK;Moge hurtowo ustawic ID_MODEL po wskazaniu kanonicznego rekordu z listy kandydatow.;Potrzebuje od Ciebie wyboru jednego kanonicznego ID_MODEL dla tej sygnatury.;;
NISKI;CANON;IR 2870;1;jednoznaczny_niepelny;36(3/4);36;PLIK;Moge hurtowo ustawic MASZYNA.ID_MODEL=36 oraz uzupelnic brakujace pola w MODEL po zatwierdzeniu wartosci.;Potrzebuje od Ciebie brakujacych pol dla MODEL 36: PLIK;;
NISKI;CANON;IR 3235;1;jednoznaczny_niepelny;38(3/4);38;PLIK;Moge hurtowo ustawic MASZYNA.ID_MODEL=38 oraz uzupelnic brakujace pola w MODEL po zatwierdzeniu wartosci.;Potrzebuje od Ciebie brakujacych pol dla MODEL 38: PLIK;;
NISKI;CANON;IR 3245;1;jednoznaczny_niepelny;39(3/4);39;PLIK;Moge hurtowo ustawic MASZYNA.ID_MODEL=39 oraz uzupelnic brakujace pola w MODEL po zatwierdzeniu wartosci.;Potrzebuje od Ciebie brakujacych pol dla MODEL 39: PLIK;;
NISKI;CANON;IR 5000;1;jednoznaczny_niepelny;41(3/4);41;PLIK;Moge hurtowo ustawic MASZYNA.ID_MODEL=41 oraz uzupelnic brakujace pola w MODEL po zatwierdzeniu wartosci.;Potrzebuje od Ciebie brakujacych pol dla MODEL 41: PLIK;;
NISKI;CANON;IR ADV DX C 3720i;1;jednoznaczny_niepelny;43(1/4);43;RODZAJ, KOLOR, PLIK;Moge hurtowo ustawic MASZYNA.ID_MODEL=43 oraz uzupelnic brakujace pola w MODEL po zatwierdzeniu wartosci.;Potrzebuje od Ciebie brakujacych pol dla MODEL 43: RODZAJ, KOLOR, PLIK;;
NISKI;CANON;IR ADVANCE 400I;1;jednoznaczny_niepelny;44(3/4);44;PLIK;Moge hurtowo ustawic MASZYNA.ID_MODEL=44 oraz uzupelnic brakujace pola w MODEL po zatwierdzeniu wartosci.;Potrzebuje od Ciebie brakujacych pol dla MODEL 44: PLIK;;
NISKI;CANON;IR ADVANCE C6255I;1;jednoznaczny_niepelny;49(2/4);49;KOLOR, PLIK;Moge hurtowo ustawic MASZYNA.ID_MODEL=49 oraz uzupelnic brakujace pola w MODEL po zatwierdzeniu wartosci.;Potrzebuje od Ciebie brakujacych pol dla MODEL 49: KOLOR, PLIK;;
NISKI;CANON;IRC3720i;1;decyzja_duplikat;53(3/4) | 554(3/4);;RODZAJ;Moge hurtowo ustawic ID_MODEL po wskazaniu kanonicznego rekordu z listy kandydatow.;Potrzebuje od Ciebie wyboru jednego kanonicznego ID_MODEL dla tej sygnatury.;;
NISKI;CANON;ISENSYS LBP 6670DN;1;jednoznaczny_niepelny;54(2/4);54;KOLOR, PLIK;Moge hurtowo ustawic MASZYNA.ID_MODEL=54 oraz uzupelnic brakujace pola w MODEL po zatwierdzeniu wartosci.;Potrzebuje od Ciebie brakujacych pol dla MODEL 54: KOLOR, PLIK;;
NISKI;CANON;L- 160;1;jednoznaczny_niepelny;55(2/4);55;KOLOR, PLIK;Moge hurtowo ustawic MASZYNA.ID_MODEL=55 oraz uzupelnic brakujace pola w MODEL po zatwierdzeniu wartosci.;Potrzebuje od Ciebie brakujacych pol dla MODEL 55: KOLOR, PLIK;;
NISKI;CANON;MF 229DW;1;jednoznaczny_niepelny;56(2/4);56;RODZAJ, PLIK;Moge hurtowo ustawic MASZYNA.ID_MODEL=56 oraz uzupelnic brakujace pola w MODEL po zatwierdzeniu wartosci.;Potrzebuje od Ciebie brakujacych pol dla MODEL 56: RODZAJ, PLIK;;
NISKI;CANON;NP 612;1;decyzja_duplikat;57(1/4) | 555(1/4);;RODZAJ, KOLOR, PLIK;Moge hurtowo ustawic ID_MODEL po wskazaniu kanonicznego rekordu z listy kandydatow.;Potrzebuje od Ciebie wyboru jednego kanonicznego ID_MODEL dla tej sygnatury.;;
NISKI;CANON;NP 6512;1;jednoznaczny_niepelny;58(2/4);58;KOLOR, PLIK;Moge hurtowo ustawic MASZYNA.ID_MODEL=58 oraz uzupelnic brakujace pola w MODEL po zatwierdzeniu wartosci.;Potrzebuje od Ciebie brakujacych pol dla MODEL 58: KOLOR, PLIK;;
NISKI;CANON;PC-D 320;1;jednoznaczny_niepelny;59(2/4);59;KOLOR, PLIK;Moge hurtowo ustawic MASZYNA.ID_MODEL=59 oraz uzupelnic brakujace pola w MODEL po zatwierdzeniu wartosci.;Potrzebuje od Ciebie brakujacych pol dla MODEL 59: KOLOR, PLIK;;
NISKI;CANON;PIXMA MG5750;1;jednoznaczny_niepelny;60(2/4);60;KOLOR, PLIK;Moge hurtowo ustawic MASZYNA.ID_MODEL=60 oraz uzupelnic brakujace pola w MODEL po zatwierdzeniu wartosci.;Potrzebuje od Ciebie brakujacych pol dla MODEL 60: KOLOR, PLIK;;
NISKI;CANON;SF 330;1;jednoznaczny_niepelny;61(3/4);61;PLIK;Moge hurtowo ustawic MASZYNA.ID_MODEL=61 oraz uzupelnic brakujace pola w MODEL po zatwierdzeniu wartosci.;Potrzebuje od Ciebie brakujacych pol dla MODEL 61: PLIK;;
NISKI;CANON;i-SENSYS MF754Cdw;1;decyzja_duplikat;62(2/4) | 556(2/4);;KOLOR, PLIK;Moge hurtowo ustawic ID_MODEL po wskazaniu kanonicznego rekordu z listy kandydatow.;Potrzebuje od Ciebie wyboru jednego kanonicznego ID_MODEL dla tej sygnatury.;;
NISKI;CANON;imagePROGRAF iPF670;1;jednoznaczny_niepelny;64(2/4);64;KOLOR, PLIK;Moge hurtowo ustawic MASZYNA.ID_MODEL=64 oraz uzupelnic brakujace pola w MODEL po zatwierdzeniu wartosci.;Potrzebuje od Ciebie brakujacych pol dla MODEL 64: KOLOR, PLIK;;
NISKI;EPSON;EB-U 05;1;jednoznaczny_niepelny;81(3/4);81;PLIK;Moge hurtowo ustawic MASZYNA.ID_MODEL=81 oraz uzupelnic brakujace pola w MODEL po zatwierdzeniu wartosci.;Potrzebuje od Ciebie brakujacych pol dla MODEL 81: PLIK;;
NISKI;EPSON;EH-TW 5650;1;jednoznaczny_niepelny;82(3/4);82;PLIK;Moge hurtowo ustawic MASZYNA.ID_MODEL=82 oraz uzupelnic brakujace pola w MODEL po zatwierdzeniu wartosci.;Potrzebuje od Ciebie brakujacych pol dla MODEL 82: PLIK;;
NISKI;EPSON;EPSONEB-U 42;1;jednoznaczny_niepelny;83(2/4);83;KOLOR, PLIK;Moge hurtowo ustawic MASZYNA.ID_MODEL=83 oraz uzupelnic brakujace pola w MODEL po zatwierdzeniu wartosci.;Potrzebuje od Ciebie brakujacych pol dla MODEL 83: KOLOR, PLIK;;
NISKI;EPSON;SC-T 5100;1;jednoznaczny_niepelny;85(3/4);85;PLIK;Moge hurtowo ustawic MASZYNA.ID_MODEL=85 oraz uzupelnic brakujace pola w MODEL po zatwierdzeniu wartosci.;Potrzebuje od Ciebie brakujacych pol dla MODEL 85: PLIK;;
NISKI;EPSON;SC-T5200D;1;jednoznaczny_niepelny;86(3/4);86;PLIK;Moge hurtowo ustawic MASZYNA.ID_MODEL=86 oraz uzupelnic brakujace pola w MODEL po zatwierdzeniu wartosci.;Potrzebuje od Ciebie brakujacych pol dla MODEL 86: PLIK;;
NISKI;EPSON;WF-100W;1;jednoznaczny_niepelny;88(3/4);88;PLIK;Moge hurtowo ustawic MASZYNA.ID_MODEL=88 oraz uzupelnic brakujace pola w MODEL po zatwierdzeniu wartosci.;Potrzebuje od Ciebie brakujacych pol dla MODEL 88: PLIK;;
NISKI;EPSON;WF-5690;1;jednoznaczny_niepelny;89(3/4);89;PLIK;Moge hurtowo ustawic MASZYNA.ID_MODEL=89 oraz uzupelnic brakujace pola w MODEL po zatwierdzeniu wartosci.;Potrzebuje od Ciebie brakujacych pol dla MODEL 89: PLIK;;
NISKI;EPSON;WF-C579R;1;jednoznaczny_niepelny;94(3/4);94;PLIK;Moge hurtowo ustawic MASZYNA.ID_MODEL=94 oraz uzupelnic brakujace pola w MODEL po zatwierdzeniu wartosci.;Potrzebuje od Ciebie brakujacych pol dla MODEL 94: PLIK;;
NISKI;EPSON;WFC PRO 879 RD WF;1;decyzja_duplikat;100(2/4) | 558(2/4);;KOLOR, PLIK;Moge hurtowo ustawic ID_MODEL po wskazaniu kanonicznego rekordu z listy kandydatow.;Potrzebuje od Ciebie wyboru jednego kanonicznego ID_MODEL dla tej sygnatury.;;
NISKI;HP;1320;1;jednoznaczny_niepelny;142(3/4);142;PLIK;Moge hurtowo ustawic MASZYNA.ID_MODEL=142 oraz uzupelnic brakujace pola w MODEL po zatwierdzeniu wartosci.;Potrzebuje od Ciebie brakujacych pol dla MODEL 142: PLIK;;
NISKI;HP;2320;1;jednoznaczny_niepelny;143(3/4);143;PLIK;Moge hurtowo ustawic MASZYNA.ID_MODEL=143 oraz uzupelnic brakujace pola w MODEL po zatwierdzeniu wartosci.;Potrzebuje od Ciebie brakujacych pol dla MODEL 143: PLIK;;
NISKI;HP;3015;1;jednoznaczny_niepelny;144(2/4);144;RODZAJ, PLIK;Moge hurtowo ustawic MASZYNA.ID_MODEL=144 oraz uzupelnic brakujace pola w MODEL po zatwierdzeniu wartosci.;Potrzebuje od Ciebie brakujacych pol dla MODEL 144: RODZAJ, PLIK;;
NISKI;HP;3545;1;jednoznaczny_niepelny;145(3/4);145;PLIK;Moge hurtowo ustawic MASZYNA.ID_MODEL=145 oraz uzupelnic brakujace pola w MODEL po zatwierdzeniu wartosci.;Potrzebuje od Ciebie brakujacych pol dla MODEL 145: PLIK;;
NISKI;HP;Color Laser 2600;1;jednoznaczny_niepelny;147(2/4);147;KOLOR, PLIK;Moge hurtowo ustawic MASZYNA.ID_MODEL=147 oraz uzupelnic brakujace pola w MODEL po zatwierdzeniu wartosci.;Potrzebuje od Ciebie brakujacych pol dla MODEL 147: KOLOR, PLIK;;
NISKI;HP;Color Laser CP3525dn;1;jednoznaczny_niepelny;148(2/4);148;KOLOR, PLIK;Moge hurtowo ustawic MASZYNA.ID_MODEL=148 oraz uzupelnic brakujace pola w MODEL po zatwierdzeniu wartosci.;Potrzebuje od Ciebie brakujacych pol dla MODEL 148: KOLOR, PLIK;;
NISKI;HP;DESIGNJET T1300ps;1;jednoznaczny_niepelny;149(2/4);149;KOLOR, PLIK;Moge hurtowo ustawic MASZYNA.ID_MODEL=149 oraz uzupelnic brakujace pola w MODEL po zatwierdzeniu wartosci.;Potrzebuje od Ciebie brakujacych pol dla MODEL 149: KOLOR, PLIK;;
NISKI;HP;Design Jet T3500;1;jednoznaczny_niepelny;30002515(3/4);30002515;PLIK;Moge hurtowo ustawic MASZYNA.ID_MODEL=30002515 oraz uzupelnic brakujace pola w MODEL po zatwierdzeniu wartosci.;Potrzebuje od Ciebie brakujacych pol dla MODEL 30002515: PLIK;;
NISKI;HP;DesignJet 750C+;1;jednoznaczny_niepelny;150(2/4);150;KOLOR, PLIK;Moge hurtowo ustawic MASZYNA.ID_MODEL=150 oraz uzupelnic brakujace pola w MODEL po zatwierdzeniu wartosci.;Potrzebuje od Ciebie brakujacych pol dla MODEL 150: KOLOR, PLIK;;
NISKI;HP;DesignJet T2300;1;jednoznaczny_niepelny;30002510(2/4);30002510;RODZAJ, PLIK;Moge hurtowo ustawic MASZYNA.ID_MODEL=30002510 oraz uzupelnic brakujace pola w MODEL po zatwierdzeniu wartosci.;Potrzebuje od Ciebie brakujacych pol dla MODEL 30002510: RODZAJ, PLIK;;
NISKI;HP;DesignJet T525;1;jednoznaczny_niepelny;424(1/4);424;RODZAJ, KOLOR, PLIK;Moge hurtowo ustawic MASZYNA.ID_MODEL=424 oraz uzupelnic brakujace pola w MODEL po zatwierdzeniu wartosci.;Potrzebuje od Ciebie brakujacych pol dla MODEL 424: RODZAJ, KOLOR, PLIK;;
NISKI;HP;E77830;1;jednoznaczny_niepelny;152(3/4);152;PLIK;Moge hurtowo ustawic MASZYNA.ID_MODEL=152 oraz uzupelnic brakujace pola w MODEL po zatwierdzeniu wartosci.;Potrzebuje od Ciebie brakujacych pol dla MODEL 152: PLIK;;
NISKI;HP;HP Designjet T525;1;jednoznaczny_niepelny;154(2/4);154;KOLOR, PLIK;Moge hurtowo ustawic MASZYNA.ID_MODEL=154 oraz uzupelnic brakujace pola w MODEL po zatwierdzeniu wartosci.;Potrzebuje od Ciebie brakujacych pol dla MODEL 154: KOLOR, PLIK;;
NISKI;HP;HP Designjet T730;1;jednoznaczny_niepelny;156(2/4);156;KOLOR, PLIK;Moge hurtowo ustawic MASZYNA.ID_MODEL=156 oraz uzupelnic brakujace pola w MODEL po zatwierdzeniu wartosci.;Potrzebuje od Ciebie brakujacych pol dla MODEL 156: KOLOR, PLIK;;
NISKI;HP;LASER JET PRO MFPM227-fdm;1;jednoznaczny_niepelny;157(2/4);157;KOLOR, PLIK;Moge hurtowo ustawic MASZYNA.ID_MODEL=157 oraz uzupelnic brakujace pola w MODEL po zatwierdzeniu wartosci.;Potrzebuje od Ciebie brakujacych pol dla MODEL 157: KOLOR, PLIK;;
NISKI;HP;LASER JET PRO MFPM28-M31;1;jednoznaczny_niepelny;158(2/4);158;KOLOR, PLIK;Moge hurtowo ustawic MASZYNA.ID_MODEL=158 oraz uzupelnic brakujace pola w MODEL po zatwierdzeniu wartosci.;Potrzebuje od Ciebie brakujacych pol dla MODEL 158: KOLOR, PLIK;;
NISKI;HP;LJ 1212;1;jednoznaczny_niepelny;159(3/4);159;PLIK;Moge hurtowo ustawic MASZYNA.ID_MODEL=159 oraz uzupelnic brakujace pola w MODEL po zatwierdzeniu wartosci.;Potrzebuje od Ciebie brakujacych pol dla MODEL 159: PLIK;;
NISKI;HP;LJ 4000;1;jednoznaczny_niepelny;161(3/4);161;PLIK;Moge hurtowo ustawic MASZYNA.ID_MODEL=161 oraz uzupelnic brakujace pola w MODEL po zatwierdzeniu wartosci.;Potrzebuje od Ciebie brakujacych pol dla MODEL 161: PLIK;;
NISKI;HP;LJ M201DW;1;jednoznaczny_niepelny;162(3/4);162;PLIK;Moge hurtowo ustawic MASZYNA.ID_MODEL=162 oraz uzupelnic brakujace pola w MODEL po zatwierdzeniu wartosci.;Potrzebuje od Ciebie brakujacych pol dla MODEL 162: PLIK;;
NISKI;HP;LJ P2015 D;1;jednoznaczny_niepelny;163(3/4);163;PLIK;Moge hurtowo ustawic MASZYNA.ID_MODEL=163 oraz uzupelnic brakujace pola w MODEL po zatwierdzeniu wartosci.;Potrzebuje od Ciebie brakujacych pol dla MODEL 163: PLIK;;
NISKI;HP;LaserJet 3052;1;jednoznaczny_niepelny;164(1/4);164;RODZAJ, KOLOR, PLIK;Moge hurtowo ustawic MASZYNA.ID_MODEL=164 oraz uzupelnic brakujace pola w MODEL po zatwierdzeniu wartosci.;Potrzebuje od Ciebie brakujacych pol dla MODEL 164: RODZAJ, KOLOR, PLIK;;
NISKI;HP;LaserJet M1522nf;1;jednoznaczny_niepelny;165(2/4);165;KOLOR, PLIK;Moge hurtowo ustawic MASZYNA.ID_MODEL=165 oraz uzupelnic brakujace pola w MODEL po zatwierdzeniu wartosci.;Potrzebuje od Ciebie brakujacych pol dla MODEL 165: KOLOR, PLIK;;
NISKI;HP;LaserJet500;1;jednoznaczny_niepelny;166(2/4);166;RODZAJ, PLIK;Moge hurtowo ustawic MASZYNA.ID_MODEL=166 oraz uzupelnic brakujace pola w MODEL po zatwierdzeniu wartosci.;Potrzebuje od Ciebie brakujacych pol dla MODEL 166: RODZAJ, PLIK;;
NISKI;HP;M575;1;jednoznaczny_niepelny;167(2/4);167;RODZAJ, PLIK;Moge hurtowo ustawic MASZYNA.ID_MODEL=167 oraz uzupelnic brakujace pola w MODEL po zatwierdzeniu wartosci.;Potrzebuje od Ciebie brakujacych pol dla MODEL 167: RODZAJ, PLIK;;
NISKI;HP;Officejet 6500A;1;jednoznaczny_niepelny;168(2/4);168;KOLOR, PLIK;Moge hurtowo ustawic MASZYNA.ID_MODEL=168 oraz uzupelnic brakujace pola w MODEL po zatwierdzeniu wartosci.;Potrzebuje od Ciebie brakujacych pol dla MODEL 168: KOLOR, PLIK;;
NISKI;HP;T 795;1;jednoznaczny_niepelny;169(2/4);169;KOLOR, PLIK;Moge hurtowo ustawic MASZYNA.ID_MODEL=169 oraz uzupelnic brakujace pola w MODEL po zatwierdzeniu wartosci.;Potrzebuje od Ciebie brakujacych pol dla MODEL 169: KOLOR, PLIK;;
NISKI;HP;laserJet pro 400 M 401 dn;1;jednoznaczny_niepelny;170(1/4);170;RODZAJ, KOLOR, PLIK;Moge hurtowo ustawic MASZYNA.ID_MODEL=170 oraz uzupelnic brakujace pola w MODEL po zatwierdzeniu wartosci.;Potrzebuje od Ciebie brakujacych pol dla MODEL 170: RODZAJ, KOLOR, PLIK;;
NISKI;HP;mfp426 fdw;1;jednoznaczny_niepelny;533(1/4);533;RODZAJ, KOLOR, PLIK;Moge hurtowo ustawic MASZYNA.ID_MODEL=533 oraz uzupelnic brakujace pola w MODEL po zatwierdzeniu wartosci.;Potrzebuje od Ciebie brakujacych pol dla MODEL 533: RODZAJ, KOLOR, PLIK;;
NISKI;KONICA MINOLTA;+ 250I;1;decyzja_duplikat;68(1/4) | 557(1/4);;RODZAJ, KOLOR, PLIK;Moge hurtowo ustawic ID_MODEL po wskazaniu kanonicznego rekordu z listy kandydatow.;Potrzebuje od Ciebie wyboru jednego kanonicznego ID_MODEL dla tej sygnatury.;;
NISKI;KONICA MINOLTA;1216;1;jednoznaczny_niepelny;231(3/4);231;PLIK;Moge hurtowo ustawic MASZYNA.ID_MODEL=231 oraz uzupelnic brakujace pola w MODEL po zatwierdzeniu wartosci.;Potrzebuje od Ciebie brakujacych pol dla MODEL 231: PLIK;;
NISKI;KONICA MINOLTA;1480MF;1;jednoznaczny_niepelny;232(3/4);232;PLIK;Moge hurtowo ustawic MASZYNA.ID_MODEL=232 oraz uzupelnic brakujace pola w MODEL po zatwierdzeniu wartosci.;Potrzebuje od Ciebie brakujacych pol dla MODEL 232: PLIK;;
NISKI;KONICA MINOLTA;163;1;jednoznaczny_niepelny;234(3/4);234;PLIK;Moge hurtowo ustawic MASZYNA.ID_MODEL=234 oraz uzupelnic brakujace pola w MODEL po zatwierdzeniu wartosci.;Potrzebuje od Ciebie brakujacych pol dla MODEL 234: PLIK;;
NISKI;KONICA MINOLTA;164;1;jednoznaczny_niepelny;235(3/4);235;PLIK;Moge hurtowo ustawic MASZYNA.ID_MODEL=235 oraz uzupelnic brakujace pola w MODEL po zatwierdzeniu wartosci.;Potrzebuje od Ciebie brakujacych pol dla MODEL 235: PLIK;;
NISKI;KONICA MINOLTA;1690 MF;1;jednoznaczny_niepelny;236(3/4);236;PLIK;Moge hurtowo ustawic MASZYNA.ID_MODEL=236 oraz uzupelnic brakujace pola w MODEL po zatwierdzeniu wartosci.;Potrzebuje od Ciebie brakujacych pol dla MODEL 236: PLIK;;
NISKI;KONICA MINOLTA;236;1;jednoznaczny_niepelny;69(3/4);69;PLIK;Moge hurtowo ustawic MASZYNA.ID_MODEL=69 oraz uzupelnic brakujace pola w MODEL po zatwierdzeniu wartosci.;Potrzebuje od Ciebie brakujacych pol dla MODEL 69: PLIK;;
NISKI;KONICA MINOLTA;282;1;jednoznaczny_niepelny;237(3/4);237;PLIK;Moge hurtowo ustawic MASZYNA.ID_MODEL=237 oraz uzupelnic brakujace pola w MODEL po zatwierdzeniu wartosci.;Potrzebuje od Ciebie brakujacych pol dla MODEL 237: PLIK;;
NISKI;KONICA MINOLTA;283;1;jednoznaczny_niepelny;238(3/4);238;PLIK;Moge hurtowo ustawic MASZYNA.ID_MODEL=238 oraz uzupelnic brakujace pola w MODEL po zatwierdzeniu wartosci.;Potrzebuje od Ciebie brakujacych pol dla MODEL 238: PLIK;;
NISKI;KONICA MINOLTA;7145;1;jednoznaczny_niepelny;240(3/4);240;PLIK;Moge hurtowo ustawic MASZYNA.ID_MODEL=240 oraz uzupelnic brakujace pola w MODEL po zatwierdzeniu wartosci.;Potrzebuje od Ciebie brakujacych pol dla MODEL 240: PLIK;;
NISKI;KONICA MINOLTA;7222;1;jednoznaczny_niepelny;241(3/4);241;PLIK;Moge hurtowo ustawic MASZYNA.ID_MODEL=241 oraz uzupelnic brakujace pola w MODEL po zatwierdzeniu wartosci.;Potrzebuje od Ciebie brakujacych pol dla MODEL 241: PLIK;;
NISKI;KONICA MINOLTA;BIZHUB 250;1;jednoznaczny_niepelny;243(2/4);243;RODZAJ, PLIK;Moge hurtowo ustawic MASZYNA.ID_MODEL=243 oraz uzupelnic brakujace pola w MODEL po zatwierdzeniu wartosci.;Potrzebuje od Ciebie brakujacych pol dla MODEL 243: RODZAJ, PLIK;;
NISKI;KONICA MINOLTA;BIZHUB C25;1;jednoznaczny_niepelny;267(2/4);267;RODZAJ, PLIK;Moge hurtowo ustawic MASZYNA.ID_MODEL=267 oraz uzupelnic brakujace pola w MODEL po zatwierdzeniu wartosci.;Potrzebuje od Ciebie brakujacych pol dla MODEL 267: RODZAJ, PLIK;;
NISKI;KONICA MINOLTA;C 227;1;decyzja_duplikat;249(3/4) | 551(3/4);;PLIK;Moge hurtowo ustawic ID_MODEL po wskazaniu kanonicznego rekordu z listy kandydatow.;Potrzebuje od Ciebie wyboru jednego kanonicznego ID_MODEL dla tej sygnatury.;;
NISKI;KONICA MINOLTA;C 235;1;jednoznaczny_niepelny;250(3/4);250;PLIK;Moge hurtowo ustawic MASZYNA.ID_MODEL=250 oraz uzupelnic brakujace pola w MODEL po zatwierdzeniu wartosci.;Potrzebuje od Ciebie brakujacych pol dla MODEL 250: PLIK;;
NISKI;KONICA MINOLTA;C 3320;1;jednoznaczny_niepelny;258(3/4);258;PLIK;Moge hurtowo ustawic MASZYNA.ID_MODEL=258 oraz uzupelnic brakujace pola w MODEL po zatwierdzeniu wartosci.;Potrzebuje od Ciebie brakujacych pol dla MODEL 258: PLIK;;
NISKI;KONICA MINOLTA;C 3350;1;jednoznaczny_niepelny;259(3/4);259;PLIK;Moge hurtowo ustawic MASZYNA.ID_MODEL=259 oraz uzupelnic brakujace pola w MODEL po zatwierdzeniu wartosci.;Potrzebuje od Ciebie brakujacych pol dla MODEL 259: PLIK;;
NISKI;KONICA MINOLTA;C 452;1;jednoznaczny_niepelny;264(3/4);264;PLIK;Moge hurtowo ustawic MASZYNA.ID_MODEL=264 oraz uzupelnic brakujace pola w MODEL po zatwierdzeniu wartosci.;Potrzebuje od Ciebie brakujacych pol dla MODEL 264: PLIK;;
NISKI;KONICA MINOLTA;DIALT DI 16XX;1;jednoznaczny_niepelny;265(2/4);265;KOLOR, PLIK;Moge hurtowo ustawic MASZYNA.ID_MODEL=265 oraz uzupelnic brakujace pola w MODEL po zatwierdzeniu wartosci.;Potrzebuje od Ciebie brakujacych pol dla MODEL 265: KOLOR, PLIK;;
NISKI;KONICA MINOLTA;INEO+ 364;1;jednoznaczny_niepelny;76(3/4);76;PLIK;Moge hurtowo ustawic MASZYNA.ID_MODEL=76 oraz uzupelnic brakujace pola w MODEL po zatwierdzeniu wartosci.;Potrzebuje od Ciebie brakujacych pol dla MODEL 76: PLIK;;
NISKI;KONICA MINOLTA;INEO+ 451;1;jednoznaczny_niepelny;77(3/4);77;PLIK;Moge hurtowo ustawic MASZYNA.ID_MODEL=77 oraz uzupelnic brakujace pola w MODEL po zatwierdzeniu wartosci.;Potrzebuje od Ciebie brakujacych pol dla MODEL 77: PLIK;;
NISKI;KONICA MINOLTA;INEO+ 454E;1;jednoznaczny_niepelny;78(3/4);78;PLIK;Moge hurtowo ustawic MASZYNA.ID_MODEL=78 oraz uzupelnic brakujace pola w MODEL po zatwierdzeniu wartosci.;Potrzebuje od Ciebie brakujacych pol dla MODEL 78: PLIK;;
NISKI;KONICA MINOLTA;MAGICOLOR 1690MF;1;jednoznaczny_niepelny;266(2/4);266;KOLOR, PLIK;Moge hurtowo ustawic MASZYNA.ID_MODEL=266 oraz uzupelnic brakujace pola w MODEL po zatwierdzeniu wartosci.;Potrzebuje od Ciebie brakujacych pol dla MODEL 266: KOLOR, PLIK;;
NISKI;KYOCERA;1650;1;jednoznaczny_niepelny;272(2/4);272;RODZAJ, PLIK;Moge hurtowo ustawic MASZYNA.ID_MODEL=272 oraz uzupelnic brakujace pola w MODEL po zatwierdzeniu wartosci.;Potrzebuje od Ciebie brakujacych pol dla MODEL 272: RODZAJ, PLIK;;
NISKI;KYOCERA;2551ci;1;jednoznaczny_niepelny;511(2/4);511;RODZAJ, PLIK;Moge hurtowo ustawic MASZYNA.ID_MODEL=511 oraz uzupelnic brakujace pola w MODEL po zatwierdzeniu wartosci.;Potrzebuje od Ciebie brakujacych pol dla MODEL 511: RODZAJ, PLIK;;
NISKI;KYOCERA;2553ci;1;jednoznaczny_niepelny;30002518(2/4);30002518;RODZAJ, PLIK;Moge hurtowo ustawic MASZYNA.ID_MODEL=30002518 oraz uzupelnic brakujace pola w MODEL po zatwierdzeniu wartosci.;Potrzebuje od Ciebie brakujacych pol dla MODEL 30002518: RODZAJ, PLIK;;
NISKI;KYOCERA;301ci MFP;1;jednoznaczny_niepelny;521(3/4);521;PLIK;Moge hurtowo ustawic MASZYNA.ID_MODEL=521 oraz uzupelnic brakujace pola w MODEL po zatwierdzeniu wartosci.;Potrzebuje od Ciebie brakujacych pol dla MODEL 521: PLIK;;
NISKI;KYOCERA;3262i;1;jednoznaczny_niepelny;522(3/4);522;PLIK;Moge hurtowo ustawic MASZYNA.ID_MODEL=522 oraz uzupelnic brakujace pola w MODEL po zatwierdzeniu wartosci.;Potrzebuje od Ciebie brakujacych pol dla MODEL 522: PLIK;;
NISKI;KYOCERA;C 2525E;1;jednoznaczny_niepelny;273(2/4);273;RODZAJ, PLIK;Moge hurtowo ustawic MASZYNA.ID_MODEL=273 oraz uzupelnic brakujace pola w MODEL po zatwierdzeniu wartosci.;Potrzebuje od Ciebie brakujacych pol dla MODEL 273: RODZAJ, PLIK;;
NISKI;KYOCERA;FS 1035 MFP;1;jednoznaczny_niepelny;275(3/4);275;PLIK;Moge hurtowo ustawic MASZYNA.ID_MODEL=275 oraz uzupelnic brakujace pola w MODEL po zatwierdzeniu wartosci.;Potrzebuje od Ciebie brakujacych pol dla MODEL 275: PLIK;;
NISKI;KYOCERA;M 2035;1;jednoznaczny_niepelny;278(3/4);278;PLIK;Moge hurtowo ustawic MASZYNA.ID_MODEL=278 oraz uzupelnic brakujace pola w MODEL po zatwierdzeniu wartosci.;Potrzebuje od Ciebie brakujacych pol dla MODEL 278: PLIK;;
NISKI;KYOCERA;M 6235CI.;1;jednoznaczny_niepelny;270(2/4);270;RODZAJ, PLIK;Moge hurtowo ustawic MASZYNA.ID_MODEL=270 oraz uzupelnic brakujace pola w MODEL po zatwierdzeniu wartosci.;Potrzebuje od Ciebie brakujacych pol dla MODEL 270: RODZAJ, PLIK;;
NISKI;KYOCERA;P-C3562I;1;jednoznaczny_niepelny;527(3/4);527;PLIK;Moge hurtowo ustawic MASZYNA.ID_MODEL=527 oraz uzupelnic brakujace pola w MODEL po zatwierdzeniu wartosci.;Potrzebuje od Ciebie brakujacych pol dla MODEL 527: PLIK;;
NISKI;KYOCERA;PA2100cx;1;jednoznaczny_niepelny;30002517(3/4);30002517;PLIK;Moge hurtowo ustawic MASZYNA.ID_MODEL=30002517 oraz uzupelnic brakujace pola w MODEL po zatwierdzeniu wartosci.;Potrzebuje od Ciebie brakujacych pol dla MODEL 30002517: PLIK;;
NISKI;OCE;9300;1;jednoznaczny_niepelny;417(3/4);417;PLIK;Moge hurtowo ustawic MASZYNA.ID_MODEL=417 oraz uzupelnic brakujace pola w MODEL po zatwierdzeniu wartosci.;Potrzebuje od Ciebie brakujacych pol dla MODEL 417: PLIK;;
NISKI;OCE;TDS 400;1;jednoznaczny_niepelny;419(2/4);419;KOLOR, PLIK;Moge hurtowo ustawic MASZYNA.ID_MODEL=419 oraz uzupelnic brakujace pola w MODEL po zatwierdzeniu wartosci.;Potrzebuje od Ciebie brakujacych pol dla MODEL 419: KOLOR, PLIK;;
NISKI;OCE;VarioLink 3622C;1;jednoznaczny_niepelny;420(1/4);420;RODZAJ, KOLOR, PLIK;Moge hurtowo ustawic MASZYNA.ID_MODEL=420 oraz uzupelnic brakujace pola w MODEL po zatwierdzeniu wartosci.;Potrzebuje od Ciebie brakujacych pol dla MODEL 420: RODZAJ, KOLOR, PLIK;;
NISKI;RICOH;1022;1;jednoznaczny_niepelny;426(3/4);426;PLIK;Moge hurtowo ustawic MASZYNA.ID_MODEL=426 oraz uzupelnic brakujace pola w MODEL po zatwierdzeniu wartosci.;Potrzebuje od Ciebie brakujacych pol dla MODEL 426: PLIK;;
NISKI;RICOH;1060;1;jednoznaczny_niepelny;298(3/4);298;PLIK;Moge hurtowo ustawic MASZYNA.ID_MODEL=298 oraz uzupelnic brakujace pola w MODEL po zatwierdzeniu wartosci.;Potrzebuje od Ciebie brakujacych pol dla MODEL 298: PLIK;;
NISKI;RICOH;1224 C;1;jednoznaczny_niepelny;299(3/4);299;PLIK;Moge hurtowo ustawic MASZYNA.ID_MODEL=299 oraz uzupelnic brakujace pola w MODEL po zatwierdzeniu wartosci.;Potrzebuje od Ciebie brakujacych pol dla MODEL 299: PLIK;;
NISKI;RICOH;127;1;jednoznaczny_niepelny;285(3/4);285;PLIK;Moge hurtowo ustawic MASZYNA.ID_MODEL=285 oraz uzupelnic brakujace pola w MODEL po zatwierdzeniu wartosci.;Potrzebuje od Ciebie brakujacych pol dla MODEL 285: PLIK;;
NISKI;RICOH;1502;1;jednoznaczny_niepelny;138(3/4);138;PLIK;Moge hurtowo ustawic MASZYNA.ID_MODEL=138 oraz uzupelnic brakujace pola w MODEL po zatwierdzeniu wartosci.;Potrzebuje od Ciebie brakujacych pol dla MODEL 138: PLIK;;
NISKI;RICOH;2015;1;jednoznaczny_niepelny;428(3/4);428;PLIK;Moge hurtowo ustawic MASZYNA.ID_MODEL=428 oraz uzupelnic brakujace pola w MODEL po zatwierdzeniu wartosci.;Potrzebuje od Ciebie brakujacych pol dla MODEL 428: PLIK;;
NISKI;RICOH;213w;1;jednoznaczny_niepelny;433(3/4);433;PLIK;Moge hurtowo ustawic MASZYNA.ID_MODEL=433 oraz uzupelnic brakujace pola w MODEL po zatwierdzeniu wartosci.;Potrzebuje od Ciebie brakujacych pol dla MODEL 433: PLIK;;
NISKI;RICOH;240;1;jednoznaczny_niepelny;435(3/4);435;PLIK;Moge hurtowo ustawic MASZYNA.ID_MODEL=435 oraz uzupelnic brakujace pola w MODEL po zatwierdzeniu wartosci.;Potrzebuje od Ciebie brakujacych pol dla MODEL 435: PLIK;;
NISKI;RICOH;270;1;jednoznaczny_niepelny;436(3/4);436;PLIK;Moge hurtowo ustawic MASZYNA.ID_MODEL=436 oraz uzupelnic brakujace pola w MODEL po zatwierdzeniu wartosci.;Potrzebuje od Ciebie brakujacych pol dla MODEL 436: PLIK;;
NISKI;RICOH;3045;1;jednoznaczny_niepelny;438(3/4);438;PLIK;Moge hurtowo ustawic MASZYNA.ID_MODEL=438 oraz uzupelnic brakujace pola w MODEL po zatwierdzeniu wartosci.;Potrzebuje od Ciebie brakujacych pol dla MODEL 438: PLIK;;
NISKI;RICOH;3500 SF;1;jednoznaczny_niepelny;439(3/4);439;PLIK;Moge hurtowo ustawic MASZYNA.ID_MODEL=439 oraz uzupelnic brakujace pola w MODEL po zatwierdzeniu wartosci.;Potrzebuje od Ciebie brakujacych pol dla MODEL 439: PLIK;;
NISKI;RICOH;3510;1;jednoznaczny_niepelny;307(3/4);307;PLIK;Moge hurtowo ustawic MASZYNA.ID_MODEL=307 oraz uzupelnic brakujace pola w MODEL po zatwierdzeniu wartosci.;Potrzebuje od Ciebie brakujacych pol dla MODEL 307: PLIK;;
NISKI;RICOH;3600 DN;1;jednoznaczny_niepelny;440(2/4);440;RODZAJ, PLIK;Moge hurtowo ustawic MASZYNA.ID_MODEL=440 oraz uzupelnic brakujace pola w MODEL po zatwierdzeniu wartosci.;Potrzebuje od Ciebie brakujacych pol dla MODEL 440: RODZAJ, PLIK;;
NISKI;RICOH;377wx;1;jednoznaczny_niepelny;441(3/4);441;PLIK;Moge hurtowo ustawic MASZYNA.ID_MODEL=441 oraz uzupelnic brakujace pola w MODEL po zatwierdzeniu wartosci.;Potrzebuje od Ciebie brakujacych pol dla MODEL 441: PLIK;;
NISKI;RICOH;410;1;jednoznaczny_niepelny;442(3/4);442;PLIK;Moge hurtowo ustawic MASZYNA.ID_MODEL=442 oraz uzupelnic brakujace pola w MODEL po zatwierdzeniu wartosci.;Potrzebuje od Ciebie brakujacych pol dla MODEL 442: PLIK;;
NISKI;RICOH;4525;1;jednoznaczny_niepelny;308(3/4);308;PLIK;Moge hurtowo ustawic MASZYNA.ID_MODEL=308 oraz uzupelnic brakujace pola w MODEL po zatwierdzeniu wartosci.;Potrzebuje od Ciebie brakujacych pol dla MODEL 308: PLIK;;
NISKI;RICOH;5210 S;1;jednoznaczny_niepelny;448(3/4);448;PLIK;Moge hurtowo ustawic MASZYNA.ID_MODEL=448 oraz uzupelnic brakujace pola w MODEL po zatwierdzeniu wartosci.;Potrzebuje od Ciebie brakujacych pol dla MODEL 448: PLIK;;
NISKI;RICOH;6005 (1060);1;jednoznaczny_niepelny;311(3/4);311;PLIK;Moge hurtowo ustawic MASZYNA.ID_MODEL=311 oraz uzupelnic brakujace pola w MODEL po zatwierdzeniu wartosci.;Potrzebuje od Ciebie brakujacych pol dla MODEL 311: PLIK;;
NISKI;RICOH;6613;1;jednoznaczny_niepelny;286(3/4);286;PLIK;Moge hurtowo ustawic MASZYNA.ID_MODEL=286 oraz uzupelnic brakujace pola w MODEL po zatwierdzeniu wartosci.;Potrzebuje od Ciebie brakujacych pol dla MODEL 286: PLIK;;
NISKI;RICOH;AF222;1;jednoznaczny_niepelny;30002498(3/4);30002498;PLIK;Moge hurtowo ustawic MASZYNA.ID_MODEL=30002498 oraz uzupelnic brakujace pola w MODEL po zatwierdzeniu wartosci.;Potrzebuje od Ciebie brakujacych pol dla MODEL 30002498: PLIK;;
NISKI;RICOH;C 232;1;jednoznaczny_niepelny;452(2/4);452;RODZAJ, PLIK;Moge hurtowo ustawic MASZYNA.ID_MODEL=452 oraz uzupelnic brakujace pola w MODEL po zatwierdzeniu wartosci.;Potrzebuje od Ciebie brakujacych pol dla MODEL 452: RODZAJ, PLIK;;
NISKI;RICOH;C 242;1;jednoznaczny_niepelny;453(2/4);453;RODZAJ, PLIK;Moge hurtowo ustawic MASZYNA.ID_MODEL=453 oraz uzupelnic brakujace pola w MODEL po zatwierdzeniu wartosci.;Potrzebuje od Ciebie brakujacych pol dla MODEL 453: RODZAJ, PLIK;;
NISKI;RICOH;C 5100s;1;jednoznaczny_niepelny;454(3/4);454;PLIK;Moge hurtowo ustawic MASZYNA.ID_MODEL=454 oraz uzupelnic brakujace pola w MODEL po zatwierdzeniu wartosci.;Potrzebuje od Ciebie brakujacych pol dla MODEL 454: PLIK;;
NISKI;RICOH;DSC 224;1;jednoznaczny_niepelny;313(3/4);313;PLIK;Moge hurtowo ustawic MASZYNA.ID_MODEL=313 oraz uzupelnic brakujace pola w MODEL po zatwierdzeniu wartosci.;Potrzebuje od Ciebie brakujacych pol dla MODEL 313: PLIK;;
NISKI;RICOH;DSM 516pf;1;jednoznaczny_niepelny;319(3/4);319;PLIK;Moge hurtowo ustawic MASZYNA.ID_MODEL=319 oraz uzupelnic brakujace pola w MODEL po zatwierdzeniu wartosci.;Potrzebuje od Ciebie brakujacych pol dla MODEL 319: PLIK;;
NISKI;RICOH;DSM 616;1;jednoznaczny_niepelny;320(3/4);320;PLIK;Moge hurtowo ustawic MASZYNA.ID_MODEL=320 oraz uzupelnic brakujace pola w MODEL po zatwierdzeniu wartosci.;Potrzebuje od Ciebie brakujacych pol dla MODEL 320: PLIK;;
NISKI;RICOH;IM 305;1;decyzja_duplikat;457(3/4) | 575(3/4);;RODZAJ;Moge hurtowo ustawic ID_MODEL po wskazaniu kanonicznego rekordu z listy kandydatow.;Potrzebuje od Ciebie wyboru jednego kanonicznego ID_MODEL dla tej sygnatury.;;
NISKI;RICOH;IM 370;1;decyzja_duplikat;459(4/4) | 577(4/4);;;Moge hurtowo ustawic ID_MODEL po wskazaniu kanonicznego rekordu z listy kandydatow.;Potrzebuje od Ciebie wyboru jednego kanonicznego ID_MODEL dla tej sygnatury.;;
NISKI;RICOH;IM 4000;1;jednoznaczny_niepelny;30002521(2/4);30002521;RODZAJ, PLIK;Moge hurtowo ustawic MASZYNA.ID_MODEL=30002521 oraz uzupelnic brakujace pola w MODEL po zatwierdzeniu wartosci.;Potrzebuje od Ciebie brakujacych pol dla MODEL 30002521: RODZAJ, PLIK;;
NISKI;RICOH;IMC 3010;1;jednoznaczny_niepelny;30002519(2/4);30002519;RODZAJ, PLIK;Moge hurtowo ustawic MASZYNA.ID_MODEL=30002519 oraz uzupelnic brakujace pola w MODEL po zatwierdzeniu wartosci.;Potrzebuje od Ciebie brakujacych pol dla MODEL 30002519: RODZAJ, PLIK;;
NISKI;RICOH;IMC 320;1;jednoznaczny_niepelny;30002511(3/4);30002511;PLIK;Moge hurtowo ustawic MASZYNA.ID_MODEL=30002511 oraz uzupelnic brakujace pola w MODEL po zatwierdzeniu wartosci.;Potrzebuje od Ciebie brakujacych pol dla MODEL 30002511: PLIK;;
NISKI;RICOH;IMC 5500lt;1;decyzja_duplikat;468(4/4) | 585(4/4);;;Moge hurtowo ustawic ID_MODEL po wskazaniu kanonicznego rekordu z listy kandydatow.;Potrzebuje od Ciebie wyboru jednego kanonicznego ID_MODEL dla tej sygnatury.;;
NISKI;RICOH;IMC 8000;1;jednoznaczny_niepelny;30002516(3/4);30002516;PLIK;Moge hurtowo ustawic MASZYNA.ID_MODEL=30002516 oraz uzupelnic brakujace pola w MODEL po zatwierdzeniu wartosci.;Potrzebuje od Ciebie brakujacych pol dla MODEL 30002516: PLIK;;
NISKI;RICOH;IS 2060;1;jednoznaczny_niepelny;201(3/4);201;PLIK;Moge hurtowo ustawic MASZYNA.ID_MODEL=201 oraz uzupelnic brakujace pola w MODEL po zatwierdzeniu wartosci.;Potrzebuje od Ciebie brakujacych pol dla MODEL 201: PLIK;;
NISKI;RICOH;LANIER IS 2215;1;jednoznaczny_niepelny;202(2/4);202;KOLOR, PLIK;Moge hurtowo ustawic MASZYNA.ID_MODEL=202 oraz uzupelnic brakujace pola w MODEL po zatwierdzeniu wartosci.;Potrzebuje od Ciebie brakujacych pol dla MODEL 202: KOLOR, PLIK;;
NISKI;RICOH;LANIER IS 2225;1;jednoznaczny_niepelny;203(2/4);203;KOLOR, PLIK;Moge hurtowo ustawic MASZYNA.ID_MODEL=203 oraz uzupelnic brakujace pola w MODEL po zatwierdzeniu wartosci.;Potrzebuje od Ciebie brakujacych pol dla MODEL 203: KOLOR, PLIK;;
NISKI;RICOH;M 1350;1;jednoznaczny_niepelny;336(3/4);336;PLIK;Moge hurtowo ustawic MASZYNA.ID_MODEL=336 oraz uzupelnic brakujace pola w MODEL po zatwierdzeniu wartosci.;Potrzebuje od Ciebie brakujacych pol dla MODEL 336: PLIK;;
NISKI;RICOH;MP 2051;1;jednoznaczny_niepelny;344(3/4);344;PLIK;Moge hurtowo ustawic MASZYNA.ID_MODEL=344 oraz uzupelnic brakujace pola w MODEL po zatwierdzeniu wartosci.;Potrzebuje od Ciebie brakujacych pol dla MODEL 344: PLIK;;
NISKI;RICOH;MP 3500;1;jednoznaczny_niepelny;360(3/4);360;PLIK;Moge hurtowo ustawic MASZYNA.ID_MODEL=360 oraz uzupelnic brakujace pola w MODEL po zatwierdzeniu wartosci.;Potrzebuje od Ciebie brakujacych pol dla MODEL 360: PLIK;;
NISKI;RICOH;MP 4001;1;jednoznaczny_niepelny;478(3/4);478;PLIK;Moge hurtowo ustawic MASZYNA.ID_MODEL=478 oraz uzupelnic brakujace pola w MODEL po zatwierdzeniu wartosci.;Potrzebuje od Ciebie brakujacych pol dla MODEL 478: PLIK;;
NISKI;RICOH;MP 6054;1;decyzja_duplikat;486(4/4) | 596(4/4);;;Moge hurtowo ustawic ID_MODEL po wskazaniu kanonicznego rekordu z listy kandydatow.;Potrzebuje od Ciebie wyboru jednego kanonicznego ID_MODEL dla tej sygnatury.;;
NISKI;RICOH;MP 6500;1;jednoznaczny_niepelny;368(3/4);368;PLIK;Moge hurtowo ustawic MASZYNA.ID_MODEL=368 oraz uzupelnic brakujace pola w MODEL po zatwierdzeniu wartosci.;Potrzebuje od Ciebie brakujacych pol dla MODEL 368: PLIK;;
NISKI;RICOH;MPC 406;1;decyzja_duplikat;495(4/4) | 606(4/4);;;Moge hurtowo ustawic ID_MODEL po wskazaniu kanonicznego rekordu z listy kandydatow.;Potrzebuje od Ciebie wyboru jednego kanonicznego ID_MODEL dla tej sygnatury.;;
NISKI;RICOH;MPC 4503 SP;1;jednoznaczny_niepelny;405(3/4);405;PLIK;Moge hurtowo ustawic MASZYNA.ID_MODEL=405 oraz uzupelnic brakujace pola w MODEL po zatwierdzeniu wartosci.;Potrzebuje od Ciebie brakujacych pol dla MODEL 405: PLIK;;
NISKI;RICOH;MPC 7503;1;decyzja_duplikat;609(4/4) | 504(3/4);;;Moge hurtowo ustawic ID_MODEL po wskazaniu kanonicznego rekordu z listy kandydatow.;Potrzebuje od Ciebie wyboru jednego kanonicznego ID_MODEL dla tej sygnatury.;;
NISKI;RICOH;Ricoh SP 8200;1;jednoznaczny_niepelny;406(2/4);406;KOLOR, PLIK;Moge hurtowo ustawic MASZYNA.ID_MODEL=406 oraz uzupelnic brakujace pola w MODEL po zatwierdzeniu wartosci.;Potrzebuje od Ciebie brakujacych pol dla MODEL 406: KOLOR, PLIK;;
NISKI;RICOH;SG 2100n;1;jednoznaczny_niepelny;505(3/4);505;PLIK;Moge hurtowo ustawic MASZYNA.ID_MODEL=505 oraz uzupelnic brakujace pola w MODEL po zatwierdzeniu wartosci.;Potrzebuje od Ciebie brakujacych pol dla MODEL 505: PLIK;;
NISKI;RICOH;SP 112;1;jednoznaczny_niepelny;506(3/4);506;PLIK;Moge hurtowo ustawic MASZYNA.ID_MODEL=506 oraz uzupelnic brakujace pola w MODEL po zatwierdzeniu wartosci.;Potrzebuje od Ciebie brakujacych pol dla MODEL 506: PLIK;;
NISKI;RICOH;SP 5210 DN;1;jednoznaczny_niepelny;407(3/4);407;PLIK;Moge hurtowo ustawic MASZYNA.ID_MODEL=407 oraz uzupelnic brakujace pola w MODEL po zatwierdzeniu wartosci.;Potrzebuje od Ciebie brakujacych pol dla MODEL 407: PLIK;;
NISKI;RICOH;SP C420DN;1;jednoznaczny_niepelny;409(3/4);409;PLIK;Moge hurtowo ustawic MASZYNA.ID_MODEL=409 oraz uzupelnic brakujace pola w MODEL po zatwierdzeniu wartosci.;Potrzebuje od Ciebie brakujacych pol dla MODEL 409: PLIK;;
NISKI;RICOH;SP C811DN;1;jednoznaczny_niepelny;410(3/4);410;PLIK;Moge hurtowo ustawic MASZYNA.ID_MODEL=410 oraz uzupelnic brakujace pola w MODEL po zatwierdzeniu wartosci.;Potrzebuje od Ciebie brakujacych pol dla MODEL 410: PLIK;;
NISKI;RICOH;SP1200SF;1;jednoznaczny_niepelny;411(3/4);411;PLIK;Moge hurtowo ustawic MASZYNA.ID_MODEL=411 oraz uzupelnic brakujace pola w MODEL po zatwierdzeniu wartosci.;Potrzebuje od Ciebie brakujacych pol dla MODEL 411: PLIK;;
NISKI;RICOH;SPC 222 SF;1;jednoznaczny_niepelny;412(3/4);412;PLIK;Moge hurtowo ustawic MASZYNA.ID_MODEL=412 oraz uzupelnic brakujace pola w MODEL po zatwierdzeniu wartosci.;Potrzebuje od Ciebie brakujacych pol dla MODEL 412: PLIK;;
NISKI;RICOH;SPC 231 SF;1;jednoznaczny_niepelny;413(3/4);413;PLIK;Moge hurtowo ustawic MASZYNA.ID_MODEL=413 oraz uzupelnic brakujace pola w MODEL po zatwierdzeniu wartosci.;Potrzebuje od Ciebie brakujacych pol dla MODEL 413: PLIK;;
NISKI;RICOH;SPC 232 SF;1;jednoznaczny_niepelny;414(3/4);414;PLIK;Moge hurtowo ustawic MASZYNA.ID_MODEL=414 oraz uzupelnic brakujace pola w MODEL po zatwierdzeniu wartosci.;Potrzebuje od Ciebie brakujacych pol dla MODEL 414: PLIK;;
NISKI;RICOH;SPC 430DN;1;jednoznaczny_niepelny;415(3/4);415;PLIK;Moge hurtowo ustawic MASZYNA.ID_MODEL=415 oraz uzupelnic brakujace pola w MODEL po zatwierdzeniu wartosci.;Potrzebuje od Ciebie brakujacych pol dla MODEL 415: PLIK;;
NISKI;SAMSUNG;ML 1520;1;jednoznaczny_niepelny;507(2/4);507;KOLOR, PLIK;Moge hurtowo ustawic MASZYNA.ID_MODEL=507 oraz uzupelnic brakujace pola w MODEL po zatwierdzeniu wartosci.;Potrzebuje od Ciebie brakujacych pol dla MODEL 507: KOLOR, PLIK;;
NISKI;SAMSUNG;ML-M4070FR;1;jednoznaczny_niepelny;508(2/4);508;KOLOR, PLIK;Moge hurtowo ustawic MASZYNA.ID_MODEL=508 oraz uzupelnic brakujace pola w MODEL po zatwierdzeniu wartosci.;Potrzebuje od Ciebie brakujacych pol dla MODEL 508: KOLOR, PLIK;;
NISKI;SAMSUNG;SCX4521F;1;jednoznaczny_niepelny;509(3/4);509;PLIK;Moge hurtowo ustawic MASZYNA.ID_MODEL=509 oraz uzupelnic brakujace pola w MODEL po zatwierdzeniu wartosci.;Potrzebuje od Ciebie brakujacych pol dla MODEL 509: PLIK;;
NISKI;TRIUMPH-ADLER;P-5531;1;jednoznaczny_niepelny;514(3/4);514;PLIK;Moge hurtowo ustawic MASZYNA.ID_MODEL=514 oraz uzupelnic brakujace pola w MODEL po zatwierdzeniu wartosci.;Potrzebuje od Ciebie brakujacych pol dla MODEL 514: PLIK;;
NISKI;TRIUMPH-ADLER;T-2540;1;jednoznaczny_niepelny;30002492(2/4);30002492;RODZAJ, PLIK;Moge hurtowo ustawic MASZYNA.ID_MODEL=30002492 oraz uzupelnic brakujace pola w MODEL po zatwierdzeniu wartosci.;Potrzebuje od Ciebie brakujacych pol dla MODEL 30002492: RODZAJ, PLIK;;
NISKI;TRIUMPH-ADLER;TASK ALFA 3051i;1;jednoznaczny_niepelny;516(2/4);516;KOLOR, PLIK;Moge hurtowo ustawic MASZYNA.ID_MODEL=516 oraz uzupelnic brakujace pola w MODEL po zatwierdzeniu wartosci.;Potrzebuje od Ciebie brakujacych pol dla MODEL 516: KOLOR, PLIK;;
NISKI;XEROX;3325;1;jednoznaczny_niepelny;531(3/4);531;PLIK;Moge hurtowo ustawic MASZYNA.ID_MODEL=531 oraz uzupelnic brakujace pola w MODEL po zatwierdzeniu wartosci.;Potrzebuje od Ciebie brakujacych pol dla MODEL 531: PLIK;;
NISKI;XEROX;6204;1;jednoznaczny_niepelny;532(3/4);532;PLIK;Moge hurtowo ustawic MASZYNA.ID_MODEL=532 oraz uzupelnic brakujace pola w MODEL po zatwierdzeniu wartosci.;Potrzebuje od Ciebie brakujacych pol dla MODEL 532: PLIK;;
